INFO - 2025-11-25 07:06:00 --> Session: Class initialized using 'CodeIgniter\Session\Handlers\FileHandler' driver.
INFO - 2025-11-25 07:06:17 --> Session: Class initialized using 'CodeIgniter\Session\Handlers\FileHandler' driver.
INFO - 2025-11-25 07:06:34 --> Session: Class initialized using 'CodeIgniter\Session\Handlers\FileHandler' driver.
INFO - 2025-11-25 07:07:31 --> Session: Class initialized using 'CodeIgniter\Session\Handlers\FileHandler' driver.
INFO - 2025-11-25 07:07:44 --> Session: Class initialized using 'CodeIgniter\Session\Handlers\FileHandler' driver.
INFO - 2025-11-25 07:10:09 --> Session: Class initialized using 'CodeIgniter\Session\Handlers\FileHandler' driver.
INFO - 2025-11-25 07:12:14 --> Session: Class initialized using 'CodeIgniter\Session\Handlers\FileHandler' driver.
INFO - 2025-11-25 07:12:20 --> Session: Class initialized using 'CodeIgniter\Session\Handlers\FileHandler' driver.
INFO - 2025-11-25 07:12:30 --> Session: Class initialized using 'CodeIgniter\Session\Handlers\FileHandler' driver.
INFO - 2025-11-25 07:12:34 --> Session: Class initialized using 'CodeIgniter\Session\Handlers\FileHandler' driver.
INFO - 2025-11-25 07:15:55 --> Session: Class initialized using 'CodeIgniter\Session\Handlers\FileHandler' driver.
ERROR - 2025-11-25 07:15:55 --> mysqli_sql_exception: Not unique table/alias: 't_inscription_ins' in /home/2025DIFAL3/e21909825/public_html/V1/ci/system/Database/MySQLi/Connection.php:312
Stack trace:
#0 /home/2025DIFAL3/e21909825/public_html/V1/ci/system/Database/MySQLi/Connection.php(312): mysqli->query()
#1 /home/2025DIFAL3/e21909825/public_html/V1/ci/system/Database/BaseConnection.php(734): CodeIgniter\Database\MySQLi\Connection->execute()
#2 /home/2025DIFAL3/e21909825/public_html/V1/ci/system/Database/BaseConnection.php(648): CodeIgniter\Database\BaseConnection->simpleQuery()
#3 /home/2025DIFAL3/e21909825/public_html/V1/ci/app/Models/Db_model.php(109): CodeIgniter\Database\BaseConnection->query()
#4 /home/2025DIFAL3/e21909825/public_html/V1/ci/app/Controllers/Compte.php(93): App\Models\Db_model->recup_reservations()
#5 /home/2025DIFAL3/e21909825/public_html/V1/ci/system/CodeIgniter.php(933): App\Controllers\Compte->connecter()
#6 /home/2025DIFAL3/e21909825/public_html/V1/ci/system/CodeIgniter.php(509): CodeIgniter\CodeIgniter->runController()
#7 /home/2025DIFAL3/e21909825/public_html/V1/ci/system/CodeIgniter.php(355): CodeIgniter\CodeIgniter->handleRequest()
#8 /home/2025DIFAL3/e21909825/public_html/V1/ci/system/Boot.php(325): CodeIgniter\CodeIgniter->run()
#9 /home/2025DIFAL3/e21909825/public_html/V1/ci/system/Boot.php(67): CodeIgniter\Boot::runCodeIgniter()
#10 /home/2025DIFAL3/e21909825/public_html/V1/ci/public/index.php(56): CodeIgniter\Boot::bootWeb()
#11 {main}
CRITICAL - 2025-11-25 07:15:55 --> CodeIgniter\Database\Exceptions\DatabaseException: Not unique table/alias: 't_inscription_ins'
[Method: POST, Route: compte/connecter]
in SYSTEMPATH/Database/BaseConnection.php on line 688.
 1 APPPATH/Models/Db_model.php(109): CodeIgniter\Database\BaseConnection->query()
 2 APPPATH/Controllers/Compte.php(93): App\Models\Db_model->recup_reservations()
 3 SYSTEMPATH/CodeIgniter.php(933): App\Controllers\Compte->connecter()
 4 SYSTEMPATH/CodeIgniter.php(509): CodeIgniter\CodeIgniter->runController()
 5 SYSTEMPATH/CodeIgniter.php(355): CodeIgniter\CodeIgniter->handleRequest()
 6 SYSTEMPATH/Boot.php(325): CodeIgniter\CodeIgniter->run()
 7 SYSTEMPATH/Boot.php(67): CodeIgniter\Boot::runCodeIgniter()
 8 FCPATH/index.php(56): CodeIgniter\Boot::bootWeb()
CRITICAL - 2025-11-25 07:15:55 --> [Caused by] CodeIgniter\Database\Exceptions\DatabaseException: Not unique table/alias: 't_inscription_ins'
in SYSTEMPATH/Database/MySQLi/Connection.php on line 317.
 1 SYSTEMPATH/Database/BaseConnection.php(734): CodeIgniter\Database\MySQLi\Connection->execute()
 2 SYSTEMPATH/Database/BaseConnection.php(648): CodeIgniter\Database\BaseConnection->simpleQuery()
 3 APPPATH/Models/Db_model.php(109): CodeIgniter\Database\BaseConnection->query()
 4 APPPATH/Controllers/Compte.php(93): App\Models\Db_model->recup_reservations()
 5 SYSTEMPATH/CodeIgniter.php(933): App\Controllers\Compte->connecter()
 6 SYSTEMPATH/CodeIgniter.php(509): CodeIgniter\CodeIgniter->runController()
 7 SYSTEMPATH/CodeIgniter.php(355): CodeIgniter\CodeIgniter->handleRequest()
 8 SYSTEMPATH/Boot.php(325): CodeIgniter\CodeIgniter->run()
 9 SYSTEMPATH/Boot.php(67): CodeIgniter\Boot::runCodeIgniter()
10 FCPATH/index.php(56): CodeIgniter\Boot::bootWeb()
CRITICAL - 2025-11-25 07:15:55 --> [Caused by] mysqli_sql_exception: Not unique table/alias: 't_inscription_ins'
in SYSTEMPATH/Database/MySQLi/Connection.php on line 312.
 1 SYSTEMPATH/Database/MySQLi/Connection.php(312): mysqli->query()
 2 SYSTEMPATH/Database/BaseConnection.php(734): CodeIgniter\Database\MySQLi\Connection->execute()
 3 SYSTEMPATH/Database/BaseConnection.php(648): CodeIgniter\Database\BaseConnection->simpleQuery()
 4 APPPATH/Models/Db_model.php(109): CodeIgniter\Database\BaseConnection->query()
 5 APPPATH/Controllers/Compte.php(93): App\Models\Db_model->recup_reservations()
 6 SYSTEMPATH/CodeIgniter.php(933): App\Controllers\Compte->connecter()
 7 SYSTEMPATH/CodeIgniter.php(509): CodeIgniter\CodeIgniter->runController()
 8 SYSTEMPATH/CodeIgniter.php(355): CodeIgniter\CodeIgniter->handleRequest()
 9 SYSTEMPATH/Boot.php(325): CodeIgniter\CodeIgniter->run()
10 SYSTEMPATH/Boot.php(67): CodeIgniter\Boot::runCodeIgniter()
11 FCPATH/index.php(56): CodeIgniter\Boot::bootWeb()
INFO - 2025-11-25 07:16:00 --> Session: Class initialized using 'CodeIgniter\Session\Handlers\FileHandler' driver.
INFO - 2025-11-25 07:21:15 --> Session: Class initialized using 'CodeIgniter\Session\Handlers\FileHandler' driver.
INFO - 2025-11-25 07:21:21 --> Session: Class initialized using 'CodeIgniter\Session\Handlers\FileHandler' driver.
INFO - 2025-11-25 07:21:43 --> Session: Class initialized using 'CodeIgniter\Session\Handlers\FileHandler' driver.
ERROR - 2025-11-25 07:21:43 --> mysqli_sql_exception: Not unique table/alias: 't_inscription_ins' in /home/2025DIFAL3/e21909825/public_html/V1/ci/system/Database/MySQLi/Connection.php:312
Stack trace:
#0 /home/2025DIFAL3/e21909825/public_html/V1/ci/system/Database/MySQLi/Connection.php(312): mysqli->query()
#1 /home/2025DIFAL3/e21909825/public_html/V1/ci/system/Database/BaseConnection.php(734): CodeIgniter\Database\MySQLi\Connection->execute()
#2 /home/2025DIFAL3/e21909825/public_html/V1/ci/system/Database/BaseConnection.php(648): CodeIgniter\Database\BaseConnection->simpleQuery()
#3 /home/2025DIFAL3/e21909825/public_html/V1/ci/app/Models/Db_model.php(109): CodeIgniter\Database\BaseConnection->query()
#4 /home/2025DIFAL3/e21909825/public_html/V1/ci/app/Controllers/Compte.php(93): App\Models\Db_model->recup_reservations()
#5 /home/2025DIFAL3/e21909825/public_html/V1/ci/system/CodeIgniter.php(933): App\Controllers\Compte->connecter()
#6 /home/2025DIFAL3/e21909825/public_html/V1/ci/system/CodeIgniter.php(509): CodeIgniter\CodeIgniter->runController()
#7 /home/2025DIFAL3/e21909825/public_html/V1/ci/system/CodeIgniter.php(355): CodeIgniter\CodeIgniter->handleRequest()
#8 /home/2025DIFAL3/e21909825/public_html/V1/ci/system/Boot.php(325): CodeIgniter\CodeIgniter->run()
#9 /home/2025DIFAL3/e21909825/public_html/V1/ci/system/Boot.php(67): CodeIgniter\Boot::runCodeIgniter()
#10 /home/2025DIFAL3/e21909825/public_html/V1/ci/public/index.php(56): CodeIgniter\Boot::bootWeb()
#11 {main}
CRITICAL - 2025-11-25 07:21:43 --> CodeIgniter\Database\Exceptions\DatabaseException: Not unique table/alias: 't_inscription_ins'
[Method: POST, Route: compte/connecter]
in SYSTEMPATH/Database/BaseConnection.php on line 688.
 1 APPPATH/Models/Db_model.php(109): CodeIgniter\Database\BaseConnection->query()
 2 APPPATH/Controllers/Compte.php(93): App\Models\Db_model->recup_reservations()
 3 SYSTEMPATH/CodeIgniter.php(933): App\Controllers\Compte->connecter()
 4 SYSTEMPATH/CodeIgniter.php(509): CodeIgniter\CodeIgniter->runController()
 5 SYSTEMPATH/CodeIgniter.php(355): CodeIgniter\CodeIgniter->handleRequest()
 6 SYSTEMPATH/Boot.php(325): CodeIgniter\CodeIgniter->run()
 7 SYSTEMPATH/Boot.php(67): CodeIgniter\Boot::runCodeIgniter()
 8 FCPATH/index.php(56): CodeIgniter\Boot::bootWeb()
CRITICAL - 2025-11-25 07:21:43 --> [Caused by] CodeIgniter\Database\Exceptions\DatabaseException: Not unique table/alias: 't_inscription_ins'
in SYSTEMPATH/Database/MySQLi/Connection.php on line 317.
 1 SYSTEMPATH/Database/BaseConnection.php(734): CodeIgniter\Database\MySQLi\Connection->execute()
 2 SYSTEMPATH/Database/BaseConnection.php(648): CodeIgniter\Database\BaseConnection->simpleQuery()
 3 APPPATH/Models/Db_model.php(109): CodeIgniter\Database\BaseConnection->query()
 4 APPPATH/Controllers/Compte.php(93): App\Models\Db_model->recup_reservations()
 5 SYSTEMPATH/CodeIgniter.php(933): App\Controllers\Compte->connecter()
 6 SYSTEMPATH/CodeIgniter.php(509): CodeIgniter\CodeIgniter->runController()
 7 SYSTEMPATH/CodeIgniter.php(355): CodeIgniter\CodeIgniter->handleRequest()
 8 SYSTEMPATH/Boot.php(325): CodeIgniter\CodeIgniter->run()
 9 SYSTEMPATH/Boot.php(67): CodeIgniter\Boot::runCodeIgniter()
10 FCPATH/index.php(56): CodeIgniter\Boot::bootWeb()
CRITICAL - 2025-11-25 07:21:43 --> [Caused by] mysqli_sql_exception: Not unique table/alias: 't_inscription_ins'
in SYSTEMPATH/Database/MySQLi/Connection.php on line 312.
 1 SYSTEMPATH/Database/MySQLi/Connection.php(312): mysqli->query()
 2 SYSTEMPATH/Database/BaseConnection.php(734): CodeIgniter\Database\MySQLi\Connection->execute()
 3 SYSTEMPATH/Database/BaseConnection.php(648): CodeIgniter\Database\BaseConnection->simpleQuery()
 4 APPPATH/Models/Db_model.php(109): CodeIgniter\Database\BaseConnection->query()
 5 APPPATH/Controllers/Compte.php(93): App\Models\Db_model->recup_reservations()
 6 SYSTEMPATH/CodeIgniter.php(933): App\Controllers\Compte->connecter()
 7 SYSTEMPATH/CodeIgniter.php(509): CodeIgniter\CodeIgniter->runController()
 8 SYSTEMPATH/CodeIgniter.php(355): CodeIgniter\CodeIgniter->handleRequest()
 9 SYSTEMPATH/Boot.php(325): CodeIgniter\CodeIgniter->run()
10 SYSTEMPATH/Boot.php(67): CodeIgniter\Boot::runCodeIgniter()
11 FCPATH/index.php(56): CodeIgniter\Boot::bootWeb()
INFO - 2025-11-25 07:21:49 --> Session: Class initialized using 'CodeIgniter\Session\Handlers\FileHandler' driver.
ERROR - 2025-11-25 07:21:49 --> mysqli_sql_exception: Not unique table/alias: 't_inscription_ins' in /home/2025DIFAL3/e21909825/public_html/V1/ci/system/Database/MySQLi/Connection.php:312
Stack trace:
#0 /home/2025DIFAL3/e21909825/public_html/V1/ci/system/Database/MySQLi/Connection.php(312): mysqli->query()
#1 /home/2025DIFAL3/e21909825/public_html/V1/ci/system/Database/BaseConnection.php(734): CodeIgniter\Database\MySQLi\Connection->execute()
#2 /home/2025DIFAL3/e21909825/public_html/V1/ci/system/Database/BaseConnection.php(648): CodeIgniter\Database\BaseConnection->simpleQuery()
#3 /home/2025DIFAL3/e21909825/public_html/V1/ci/app/Models/Db_model.php(109): CodeIgniter\Database\BaseConnection->query()
#4 /home/2025DIFAL3/e21909825/public_html/V1/ci/app/Controllers/Compte.php(93): App\Models\Db_model->recup_reservations()
#5 /home/2025DIFAL3/e21909825/public_html/V1/ci/system/CodeIgniter.php(933): App\Controllers\Compte->connecter()
#6 /home/2025DIFAL3/e21909825/public_html/V1/ci/system/CodeIgniter.php(509): CodeIgniter\CodeIgniter->runController()
#7 /home/2025DIFAL3/e21909825/public_html/V1/ci/system/CodeIgniter.php(355): CodeIgniter\CodeIgniter->handleRequest()
#8 /home/2025DIFAL3/e21909825/public_html/V1/ci/system/Boot.php(325): CodeIgniter\CodeIgniter->run()
#9 /home/2025DIFAL3/e21909825/public_html/V1/ci/system/Boot.php(67): CodeIgniter\Boot::runCodeIgniter()
#10 /home/2025DIFAL3/e21909825/public_html/V1/ci/public/index.php(56): CodeIgniter\Boot::bootWeb()
#11 {main}
CRITICAL - 2025-11-25 07:21:49 --> CodeIgniter\Database\Exceptions\DatabaseException: Not unique table/alias: 't_inscription_ins'
[Method: POST, Route: compte/connecter]
in SYSTEMPATH/Database/BaseConnection.php on line 688.
 1 APPPATH/Models/Db_model.php(109): CodeIgniter\Database\BaseConnection->query()
 2 APPPATH/Controllers/Compte.php(93): App\Models\Db_model->recup_reservations()
 3 SYSTEMPATH/CodeIgniter.php(933): App\Controllers\Compte->connecter()
 4 SYSTEMPATH/CodeIgniter.php(509): CodeIgniter\CodeIgniter->runController()
 5 SYSTEMPATH/CodeIgniter.php(355): CodeIgniter\CodeIgniter->handleRequest()
 6 SYSTEMPATH/Boot.php(325): CodeIgniter\CodeIgniter->run()
 7 SYSTEMPATH/Boot.php(67): CodeIgniter\Boot::runCodeIgniter()
 8 FCPATH/index.php(56): CodeIgniter\Boot::bootWeb()
CRITICAL - 2025-11-25 07:21:49 --> [Caused by] CodeIgniter\Database\Exceptions\DatabaseException: Not unique table/alias: 't_inscription_ins'
in SYSTEMPATH/Database/MySQLi/Connection.php on line 317.
 1 SYSTEMPATH/Database/BaseConnection.php(734): CodeIgniter\Database\MySQLi\Connection->execute()
 2 SYSTEMPATH/Database/BaseConnection.php(648): CodeIgniter\Database\BaseConnection->simpleQuery()
 3 APPPATH/Models/Db_model.php(109): CodeIgniter\Database\BaseConnection->query()
 4 APPPATH/Controllers/Compte.php(93): App\Models\Db_model->recup_reservations()
 5 SYSTEMPATH/CodeIgniter.php(933): App\Controllers\Compte->connecter()
 6 SYSTEMPATH/CodeIgniter.php(509): CodeIgniter\CodeIgniter->runController()
 7 SYSTEMPATH/CodeIgniter.php(355): CodeIgniter\CodeIgniter->handleRequest()
 8 SYSTEMPATH/Boot.php(325): CodeIgniter\CodeIgniter->run()
 9 SYSTEMPATH/Boot.php(67): CodeIgniter\Boot::runCodeIgniter()
10 FCPATH/index.php(56): CodeIgniter\Boot::bootWeb()
CRITICAL - 2025-11-25 07:21:49 --> [Caused by] mysqli_sql_exception: Not unique table/alias: 't_inscription_ins'
in SYSTEMPATH/Database/MySQLi/Connection.php on line 312.
 1 SYSTEMPATH/Database/MySQLi/Connection.php(312): mysqli->query()
 2 SYSTEMPATH/Database/BaseConnection.php(734): CodeIgniter\Database\MySQLi\Connection->execute()
 3 SYSTEMPATH/Database/BaseConnection.php(648): CodeIgniter\Database\BaseConnection->simpleQuery()
 4 APPPATH/Models/Db_model.php(109): CodeIgniter\Database\BaseConnection->query()
 5 APPPATH/Controllers/Compte.php(93): App\Models\Db_model->recup_reservations()
 6 SYSTEMPATH/CodeIgniter.php(933): App\Controllers\Compte->connecter()
 7 SYSTEMPATH/CodeIgniter.php(509): CodeIgniter\CodeIgniter->runController()
 8 SYSTEMPATH/CodeIgniter.php(355): CodeIgniter\CodeIgniter->handleRequest()
 9 SYSTEMPATH/Boot.php(325): CodeIgniter\CodeIgniter->run()
10 SYSTEMPATH/Boot.php(67): CodeIgniter\Boot::runCodeIgniter()
11 FCPATH/index.php(56): CodeIgniter\Boot::bootWeb()
INFO - 2025-11-25 07:51:51 --> Session: Class initialized using 'CodeIgniter\Session\Handlers\FileHandler' driver.
INFO - 2025-11-25 07:52:03 --> Session: Class initialized using 'CodeIgniter\Session\Handlers\FileHandler' driver.
INFO - 2025-11-25 07:52:11 --> Session: Class initialized using 'CodeIgniter\Session\Handlers\FileHandler' driver.
INFO - 2025-11-25 07:52:15 --> Session: Class initialized using 'CodeIgniter\Session\Handlers\FileHandler' driver.
INFO - 2025-11-25 07:54:17 --> Session: Class initialized using 'CodeIgniter\Session\Handlers\FileHandler' driver.
INFO - 2025-11-25 07:54:37 --> Session: Class initialized using 'CodeIgniter\Session\Handlers\FileHandler' driver.
INFO - 2025-11-25 07:55:27 --> Session: Class initialized using 'CodeIgniter\Session\Handlers\FileHandler' driver.
INFO - 2025-11-25 08:02:51 --> Session: Class initialized using 'CodeIgniter\Session\Handlers\FileHandler' driver.
INFO - 2025-11-25 08:02:55 --> Session: Class initialized using 'CodeIgniter\Session\Handlers\FileHandler' driver.
INFO - 2025-11-25 08:03:06 --> Session: Class initialized using 'CodeIgniter\Session\Handlers\FileHandler' driver.
INFO - 2025-11-25 08:03:22 --> Session: Class initialized using 'CodeIgniter\Session\Handlers\FileHandler' driver.
INFO - 2025-11-25 08:03:29 --> Session: Class initialized using 'CodeIgniter\Session\Handlers\FileHandler' driver.
INFO - 2025-11-25 08:03:44 --> Session: Class initialized using 'CodeIgniter\Session\Handlers\FileHandler' driver.
INFO - 2025-11-25 08:05:12 --> Session: Class initialized using 'CodeIgniter\Session\Handlers\FileHandler' driver.
INFO - 2025-11-25 08:05:18 --> Session: Class initialized using 'CodeIgniter\Session\Handlers\FileHandler' driver.
INFO - 2025-11-25 08:05:35 --> Session: Class initialized using 'CodeIgniter\Session\Handlers\FileHandler' driver.
ERROR - 2025-11-25 08:07:42 --> mysqli_sql_exception: You have an error in your SQL syntax; check the manual that corresponds to your MariaDB server version for the right syntax to use near 'on puisse vous bloquer un créneau à ce jour' WHERE mes_code_genere='029d468...' at line 1 in /home/2025DIFAL3/e21909825/public_html/V1/ci/system/Database/MySQLi/Connection.php:312
Stack trace:
#0 /home/2025DIFAL3/e21909825/public_html/V1/ci/system/Database/MySQLi/Connection.php(312): mysqli->query()
#1 /home/2025DIFAL3/e21909825/public_html/V1/ci/system/Database/BaseConnection.php(734): CodeIgniter\Database\MySQLi\Connection->execute()
#2 /home/2025DIFAL3/e21909825/public_html/V1/ci/system/Database/BaseConnection.php(648): CodeIgniter\Database\BaseConnection->simpleQuery()
#3 /home/2025DIFAL3/e21909825/public_html/V1/ci/app/Models/Db_model.php(125): CodeIgniter\Database\BaseConnection->query()
#4 /home/2025DIFAL3/e21909825/public_html/V1/ci/app/Controllers/Reponse.php(36): App\Models\Db_model->ajout_reponse()
#5 /home/2025DIFAL3/e21909825/public_html/V1/ci/system/CodeIgniter.php(933): App\Controllers\Reponse->reponse_admin()
#6 /home/2025DIFAL3/e21909825/public_html/V1/ci/system/CodeIgniter.php(509): CodeIgniter\CodeIgniter->runController()
#7 /home/2025DIFAL3/e21909825/public_html/V1/ci/system/CodeIgniter.php(355): CodeIgniter\CodeIgniter->handleRequest()
#8 /home/2025DIFAL3/e21909825/public_html/V1/ci/system/Boot.php(325): CodeIgniter\CodeIgniter->run()
#9 /home/2025DIFAL3/e21909825/public_html/V1/ci/system/Boot.php(67): CodeIgniter\Boot::runCodeIgniter()
#10 /home/2025DIFAL3/e21909825/public_html/V1/ci/public/index.php(56): CodeIgniter\Boot::bootWeb()
#11 {main}
CRITICAL - 2025-11-25 08:07:42 --> CodeIgniter\Database\Exceptions\DatabaseException: You have an error in your SQL syntax; check the manual that corresponds to your MariaDB server version for the right syntax to use near 'on puisse vous bloquer un créneau à ce jour' WHERE mes_code_genere='029d468...' at line 1
[Method: POST, Route: reponse/reponse_admin/029d4685d3a0d5e3e860]
in SYSTEMPATH/Database/BaseConnection.php on line 688.
 1 APPPATH/Models/Db_model.php(125): CodeIgniter\Database\BaseConnection->query()
 2 APPPATH/Controllers/Reponse.php(36): App\Models\Db_model->ajout_reponse()
 3 SYSTEMPATH/CodeIgniter.php(933): App\Controllers\Reponse->reponse_admin()
 4 SYSTEMPATH/CodeIgniter.php(509): CodeIgniter\CodeIgniter->runController()
 5 SYSTEMPATH/CodeIgniter.php(355): CodeIgniter\CodeIgniter->handleRequest()
 6 SYSTEMPATH/Boot.php(325): CodeIgniter\CodeIgniter->run()
 7 SYSTEMPATH/Boot.php(67): CodeIgniter\Boot::runCodeIgniter()
 8 FCPATH/index.php(56): CodeIgniter\Boot::bootWeb()
CRITICAL - 2025-11-25 08:07:42 --> [Caused by] CodeIgniter\Database\Exceptions\DatabaseException: You have an error in your SQL syntax; check the manual that corresponds to your MariaDB server version for the right syntax to use near 'on puisse vous bloquer un créneau à ce jour' WHERE mes_code_genere='029d468...' at line 1
in SYSTEMPATH/Database/MySQLi/Connection.php on line 317.
 1 SYSTEMPATH/Database/BaseConnection.php(734): CodeIgniter\Database\MySQLi\Connection->execute()
 2 SYSTEMPATH/Database/BaseConnection.php(648): CodeIgniter\Database\BaseConnection->simpleQuery()
 3 APPPATH/Models/Db_model.php(125): CodeIgniter\Database\BaseConnection->query()
 4 APPPATH/Controllers/Reponse.php(36): App\Models\Db_model->ajout_reponse()
 5 SYSTEMPATH/CodeIgniter.php(933): App\Controllers\Reponse->reponse_admin()
 6 SYSTEMPATH/CodeIgniter.php(509): CodeIgniter\CodeIgniter->runController()
 7 SYSTEMPATH/CodeIgniter.php(355): CodeIgniter\CodeIgniter->handleRequest()
 8 SYSTEMPATH/Boot.php(325): CodeIgniter\CodeIgniter->run()
 9 SYSTEMPATH/Boot.php(67): CodeIgniter\Boot::runCodeIgniter()
10 FCPATH/index.php(56): CodeIgniter\Boot::bootWeb()
CRITICAL - 2025-11-25 08:07:42 --> [Caused by] mysqli_sql_exception: You have an error in your SQL syntax; check the manual that corresponds to your MariaDB server version for the right syntax to use near 'on puisse vous bloquer un créneau à ce jour' WHERE mes_code_genere='029d468...' at line 1
in SYSTEMPATH/Database/MySQLi/Connection.php on line 312.
 1 SYSTEMPATH/Database/MySQLi/Connection.php(312): mysqli->query()
 2 SYSTEMPATH/Database/BaseConnection.php(734): CodeIgniter\Database\MySQLi\Connection->execute()
 3 SYSTEMPATH/Database/BaseConnection.php(648): CodeIgniter\Database\BaseConnection->simpleQuery()
 4 APPPATH/Models/Db_model.php(125): CodeIgniter\Database\BaseConnection->query()
 5 APPPATH/Controllers/Reponse.php(36): App\Models\Db_model->ajout_reponse()
 6 SYSTEMPATH/CodeIgniter.php(933): App\Controllers\Reponse->reponse_admin()
 7 SYSTEMPATH/CodeIgniter.php(509): CodeIgniter\CodeIgniter->runController()
 8 SYSTEMPATH/CodeIgniter.php(355): CodeIgniter\CodeIgniter->handleRequest()
 9 SYSTEMPATH/Boot.php(325): CodeIgniter\CodeIgniter->run()
10 SYSTEMPATH/Boot.php(67): CodeIgniter\Boot::runCodeIgniter()
11 FCPATH/index.php(56): CodeIgniter\Boot::bootWeb()
INFO - 2025-11-25 08:16:34 --> Session: Class initialized using 'CodeIgniter\Session\Handlers\FileHandler' driver.
INFO - 2025-11-25 08:16:36 --> Session: Class initialized using 'CodeIgniter\Session\Handlers\FileHandler' driver.
INFO - 2025-11-25 08:17:26 --> Session: Class initialized using 'CodeIgniter\Session\Handlers\FileHandler' driver.
INFO - 2025-11-25 08:18:47 --> Session: Class initialized using 'CodeIgniter\Session\Handlers\FileHandler' driver.
INFO - 2025-11-25 08:18:59 --> Session: Class initialized using 'CodeIgniter\Session\Handlers\FileHandler' driver.
INFO - 2025-11-25 08:26:25 --> Session: Class initialized using 'CodeIgniter\Session\Handlers\FileHandler' driver.
INFO - 2025-11-25 08:26:28 --> Session: Class initialized using 'CodeIgniter\Session\Handlers\FileHandler' driver.
CRITICAL - 2025-11-25 08:29:24 --> ParseError: syntax error, unexpected token "echo", expecting "," or ";"
[Method: GET, Route: compte/lister]
in APPPATH/Views/connexion/gestion_compte.php on line 4.
 1 SYSTEMPATH/View/View.php(237): CodeIgniter\View\View->CodeIgniter\View\{closure}()
 2 SYSTEMPATH/Common.php(1171): CodeIgniter\View\View->render()
 3 APPPATH/Controllers/Compte.php(20): view()
 4 SYSTEMPATH/CodeIgniter.php(933): App\Controllers\Compte->lister()
 5 SYSTEMPATH/CodeIgniter.php(509): CodeIgniter\CodeIgniter->runController()
 6 SYSTEMPATH/CodeIgniter.php(355): CodeIgniter\CodeIgniter->handleRequest()
 7 SYSTEMPATH/Boot.php(325): CodeIgniter\CodeIgniter->run()
 8 SYSTEMPATH/Boot.php(67): CodeIgniter\Boot::runCodeIgniter()
 9 FCPATH/index.php(56): CodeIgniter\Boot::bootWeb()
INFO - 2025-11-25 08:29:42 --> Session: Class initialized using 'CodeIgniter\Session\Handlers\FileHandler' driver.
INFO - 2025-11-25 08:29:59 --> Session: Class initialized using 'CodeIgniter\Session\Handlers\FileHandler' driver.
INFO - 2025-11-25 08:30:20 --> Session: Class initialized using 'CodeIgniter\Session\Handlers\FileHandler' driver.
INFO - 2025-11-25 08:30:37 --> Session: Class initialized using 'CodeIgniter\Session\Handlers\FileHandler' driver.
INFO - 2025-11-25 08:32:47 --> Session: Class initialized using 'CodeIgniter\Session\Handlers\FileHandler' driver.
INFO - 2025-11-25 08:42:25 --> Session: Class initialized using 'CodeIgniter\Session\Handlers\FileHandler' driver.
INFO - 2025-11-25 08:42:28 --> Session: Class initialized using 'CodeIgniter\Session\Handlers\FileHandler' driver.
INFO - 2025-11-25 08:59:28 --> Session: Class initialized using 'CodeIgniter\Session\Handlers\FileHandler' driver.
INFO - 2025-11-25 09:01:54 --> Session: Class initialized using 'CodeIgniter\Session\Handlers\FileHandler' driver.
INFO - 2025-11-25 09:15:26 --> Session: Class initialized using 'CodeIgniter\Session\Handlers\FileHandler' driver.
INFO - 2025-11-25 09:15:46 --> Session: Class initialized using 'CodeIgniter\Session\Handlers\FileHandler' driver.
INFO - 2025-11-25 09:15:53 --> Session: Class initialized using 'CodeIgniter\Session\Handlers\FileHandler' driver.
INFO - 2025-11-25 09:32:27 --> Session: Class initialized using 'CodeIgniter\Session\Handlers\FileHandler' driver.
INFO - 2025-11-25 09:42:42 --> Session: Class initialized using 'CodeIgniter\Session\Handlers\FileHandler' driver.
CRITICAL - 2025-11-25 09:42:42 --> ParseError: syntax error, unexpected token "else", expecting end of file
[Method: GET, Route: compte/afficher_profil]
in APPPATH/Views/connexion/compte_profil.php on line 23.
 1 SYSTEMPATH/View/View.php(237): CodeIgniter\View\View->CodeIgniter\View\{closure}()
 2 SYSTEMPATH/Common.php(1171): CodeIgniter\View\View->render()
 3 APPPATH/Controllers/Compte.php(133): view()
 4 SYSTEMPATH/CodeIgniter.php(933): App\Controllers\Compte->afficher_profil()
 5 SYSTEMPATH/CodeIgniter.php(509): CodeIgniter\CodeIgniter->runController()
 6 SYSTEMPATH/CodeIgniter.php(355): CodeIgniter\CodeIgniter->handleRequest()
 7 SYSTEMPATH/Boot.php(325): CodeIgniter\CodeIgniter->run()
 8 SYSTEMPATH/Boot.php(67): CodeIgniter\Boot::runCodeIgniter()
 9 FCPATH/index.php(56): CodeIgniter\Boot::bootWeb()
INFO - 2025-11-25 09:43:06 --> Session: Class initialized using 'CodeIgniter\Session\Handlers\FileHandler' driver.
INFO - 2025-11-25 09:43:11 --> Session: Class initialized using 'CodeIgniter\Session\Handlers\FileHandler' driver.
INFO - 2025-11-25 09:45:12 --> Session: Class initialized using 'CodeIgniter\Session\Handlers\FileHandler' driver.
INFO - 2025-11-25 09:45:19 --> Session: Class initialized using 'CodeIgniter\Session\Handlers\FileHandler' driver.
CRITICAL - 2025-11-25 09:45:19 --> ErrorException: Attempt to read property "cpt_role" on null
[Method: GET, Route: compte/afficher_profil]
in APPPATH/Views/connexion/compte_profil.php on line 7.
 1 APPPATH/Views/connexion/compte_profil.php(7): CodeIgniter\Debug\Exceptions->errorHandler()
 2 SYSTEMPATH/View/View.php(234): include('/home/2025DIFAL3/e21909825/public_html/V1/ci/app/Views/connexion/compte_profil.php')
 3 SYSTEMPATH/View/View.php(237): CodeIgniter\View\View->CodeIgniter\View\{closure}()
 4 SYSTEMPATH/Common.php(1171): CodeIgniter\View\View->render()
 5 APPPATH/Controllers/Compte.php(133): view()
 6 SYSTEMPATH/CodeIgniter.php(933): App\Controllers\Compte->afficher_profil()
 7 SYSTEMPATH/CodeIgniter.php(509): CodeIgniter\CodeIgniter->runController()
 8 SYSTEMPATH/CodeIgniter.php(355): CodeIgniter\CodeIgniter->handleRequest()
 9 SYSTEMPATH/Boot.php(325): CodeIgniter\CodeIgniter->run()
10 SYSTEMPATH/Boot.php(67): CodeIgniter\Boot::runCodeIgniter()
11 FCPATH/index.php(56): CodeIgniter\Boot::bootWeb()
INFO - 2025-11-25 09:46:03 --> Session: Class initialized using 'CodeIgniter\Session\Handlers\FileHandler' driver.
CRITICAL - 2025-11-25 09:46:03 --> ErrorException: Attempt to read property "cpt_role" on null
[Method: GET, Route: compte/afficher_profil]
in APPPATH/Views/connexion/compte_profil.php on line 7.
 1 APPPATH/Views/connexion/compte_profil.php(7): CodeIgniter\Debug\Exceptions->errorHandler()
 2 SYSTEMPATH/View/View.php(234): include('/home/2025DIFAL3/e21909825/public_html/V1/ci/app/Views/connexion/compte_profil.php')
 3 SYSTEMPATH/View/View.php(237): CodeIgniter\View\View->CodeIgniter\View\{closure}()
 4 SYSTEMPATH/Common.php(1171): CodeIgniter\View\View->render()
 5 APPPATH/Controllers/Compte.php(133): view()
 6 SYSTEMPATH/CodeIgniter.php(933): App\Controllers\Compte->afficher_profil()
 7 SYSTEMPATH/CodeIgniter.php(509): CodeIgniter\CodeIgniter->runController()
 8 SYSTEMPATH/CodeIgniter.php(355): CodeIgniter\CodeIgniter->handleRequest()
 9 SYSTEMPATH/Boot.php(325): CodeIgniter\CodeIgniter->run()
10 SYSTEMPATH/Boot.php(67): CodeIgniter\Boot::runCodeIgniter()
11 FCPATH/index.php(56): CodeIgniter\Boot::bootWeb()
INFO - 2025-11-25 09:48:54 --> Session: Class initialized using 'CodeIgniter\Session\Handlers\FileHandler' driver.
CRITICAL - 2025-11-25 10:03:38 --> ErrorException: Assignments can only happen to writable values
[Method: GET, Route: compte/deconnecter]
in APPPATH/Controllers/Compte.php on line 106.
 1 [internal function]: CodeIgniter\Debug\Exceptions->shutdownHandler()
CRITICAL - 2025-11-25 10:03:42 --> ErrorException: Assignments can only happen to writable values
[Method: GET, Route: compte/deconnecter]
in APPPATH/Controllers/Compte.php on line 106.
 1 [internal function]: CodeIgniter\Debug\Exceptions->shutdownHandler()
CRITICAL - 2025-11-25 10:04:21 --> ErrorException: Assignments can only happen to writable values
[Method: GET, Route: compte/afficher_profil]
in APPPATH/Controllers/Compte.php on line 106.
 1 [internal function]: CodeIgniter\Debug\Exceptions->shutdownHandler()
INFO - 2025-11-25 10:06:04 --> Session: Class initialized using 'CodeIgniter\Session\Handlers\FileHandler' driver.
INFO - 2025-11-25 10:06:50 --> Session: Class initialized using 'CodeIgniter\Session\Handlers\FileHandler' driver.
INFO - 2025-11-25 10:11:25 --> Session: Class initialized using 'CodeIgniter\Session\Handlers\FileHandler' driver.
CRITICAL - 2025-11-25 10:11:25 --> ErrorException: Attempt to read property "pfl_nom" on null
[Method: GET, Route: compte/afficher_profil]
in APPPATH/Views/connexion/compte_profil.php on line 7.
 1 APPPATH/Views/connexion/compte_profil.php(7): CodeIgniter\Debug\Exceptions->errorHandler()
 2 SYSTEMPATH/View/View.php(234): include('/home/2025DIFAL3/e21909825/public_html/V1/ci/app/Views/connexion/compte_profil.php')
 3 SYSTEMPATH/View/View.php(237): CodeIgniter\View\View->CodeIgniter\View\{closure}()
 4 SYSTEMPATH/Common.php(1171): CodeIgniter\View\View->render()
 5 APPPATH/Controllers/Compte.php(133): view()
 6 SYSTEMPATH/CodeIgniter.php(933): App\Controllers\Compte->afficher_profil()
 7 SYSTEMPATH/CodeIgniter.php(509): CodeIgniter\CodeIgniter->runController()
 8 SYSTEMPATH/CodeIgniter.php(355): CodeIgniter\CodeIgniter->handleRequest()
 9 SYSTEMPATH/Boot.php(325): CodeIgniter\CodeIgniter->run()
10 SYSTEMPATH/Boot.php(67): CodeIgniter\Boot::runCodeIgniter()
11 FCPATH/index.php(56): CodeIgniter\Boot::bootWeb()
INFO - 2025-11-25 10:11:31 --> Session: Class initialized using 'CodeIgniter\Session\Handlers\FileHandler' driver.
INFO - 2025-11-25 10:12:44 --> Session: Class initialized using 'CodeIgniter\Session\Handlers\FileHandler' driver.
CRITICAL - 2025-11-25 10:12:44 --> ErrorException: Attempt to read property "pfl_nom" on null
[Method: GET, Route: compte/afficher_profil]
in APPPATH/Views/connexion/compte_profil.php on line 7.
 1 APPPATH/Views/connexion/compte_profil.php(7): CodeIgniter\Debug\Exceptions->errorHandler()
 2 SYSTEMPATH/View/View.php(234): include('/home/2025DIFAL3/e21909825/public_html/V1/ci/app/Views/connexion/compte_profil.php')
 3 SYSTEMPATH/View/View.php(237): CodeIgniter\View\View->CodeIgniter\View\{closure}()
 4 SYSTEMPATH/Common.php(1171): CodeIgniter\View\View->render()
 5 APPPATH/Controllers/Compte.php(135): view()
 6 SYSTEMPATH/CodeIgniter.php(933): App\Controllers\Compte->afficher_profil()
 7 SYSTEMPATH/CodeIgniter.php(509): CodeIgniter\CodeIgniter->runController()
 8 SYSTEMPATH/CodeIgniter.php(355): CodeIgniter\CodeIgniter->handleRequest()
 9 SYSTEMPATH/Boot.php(325): CodeIgniter\CodeIgniter->run()
10 SYSTEMPATH/Boot.php(67): CodeIgniter\Boot::runCodeIgniter()
11 FCPATH/index.php(56): CodeIgniter\Boot::bootWeb()
INFO - 2025-11-25 10:12:46 --> Session: Class initialized using 'CodeIgniter\Session\Handlers\FileHandler' driver.
INFO - 2025-11-25 10:12:47 --> Session: Class initialized using 'CodeIgniter\Session\Handlers\FileHandler' driver.
INFO - 2025-11-25 10:13:05 --> Session: Class initialized using 'CodeIgniter\Session\Handlers\FileHandler' driver.
INFO - 2025-11-25 10:14:56 --> Session: Class initialized using 'CodeIgniter\Session\Handlers\FileHandler' driver.
INFO - 2025-11-25 10:26:37 --> Session: Class initialized using 'CodeIgniter\Session\Handlers\FileHandler' driver.
CRITICAL - 2025-11-25 10:26:37 --> ErrorException: Undefined property: stdClass::$cpt
[Method: GET, Route: compte/afficher_profil]
in APPPATH/Views/connexion/compte_profil.php on line 7.
 1 APPPATH/Views/connexion/compte_profil.php(7): CodeIgniter\Debug\Exceptions->errorHandler()
 2 SYSTEMPATH/View/View.php(234): include('/home/2025DIFAL3/e21909825/public_html/V1/ci/app/Views/connexion/compte_profil.php')
 3 SYSTEMPATH/View/View.php(237): CodeIgniter\View\View->CodeIgniter\View\{closure}()
 4 SYSTEMPATH/Common.php(1171): CodeIgniter\View\View->render()
 5 APPPATH/Controllers/Compte.php(135): view()
 6 SYSTEMPATH/CodeIgniter.php(933): App\Controllers\Compte->afficher_profil()
 7 SYSTEMPATH/CodeIgniter.php(509): CodeIgniter\CodeIgniter->runController()
 8 SYSTEMPATH/CodeIgniter.php(355): CodeIgniter\CodeIgniter->handleRequest()
 9 SYSTEMPATH/Boot.php(325): CodeIgniter\CodeIgniter->run()
10 SYSTEMPATH/Boot.php(67): CodeIgniter\Boot::runCodeIgniter()
11 FCPATH/index.php(56): CodeIgniter\Boot::bootWeb()
INFO - 2025-11-25 10:26:53 --> Session: Class initialized using 'CodeIgniter\Session\Handlers\FileHandler' driver.
INFO - 2025-11-25 10:26:59 --> Session: Class initialized using 'CodeIgniter\Session\Handlers\FileHandler' driver.
INFO - 2025-11-25 10:27:13 --> Session: Class initialized using 'CodeIgniter\Session\Handlers\FileHandler' driver.
INFO - 2025-11-25 10:27:17 --> Session: Class initialized using 'CodeIgniter\Session\Handlers\FileHandler' driver.
CRITICAL - 2025-11-25 10:27:17 --> ErrorException: Attempt to read property "cpt_role" on null
[Method: GET, Route: compte/afficher_profil]
in APPPATH/Views/connexion/compte_profil.php on line 7.
 1 APPPATH/Views/connexion/compte_profil.php(7): CodeIgniter\Debug\Exceptions->errorHandler()
 2 SYSTEMPATH/View/View.php(234): include('/home/2025DIFAL3/e21909825/public_html/V1/ci/app/Views/connexion/compte_profil.php')
 3 SYSTEMPATH/View/View.php(237): CodeIgniter\View\View->CodeIgniter\View\{closure}()
 4 SYSTEMPATH/Common.php(1171): CodeIgniter\View\View->render()
 5 APPPATH/Controllers/Compte.php(135): view()
 6 SYSTEMPATH/CodeIgniter.php(933): App\Controllers\Compte->afficher_profil()
 7 SYSTEMPATH/CodeIgniter.php(509): CodeIgniter\CodeIgniter->runController()
 8 SYSTEMPATH/CodeIgniter.php(355): CodeIgniter\CodeIgniter->handleRequest()
 9 SYSTEMPATH/Boot.php(325): CodeIgniter\CodeIgniter->run()
10 SYSTEMPATH/Boot.php(67): CodeIgniter\Boot::runCodeIgniter()
11 FCPATH/index.php(56): CodeIgniter\Boot::bootWeb()
INFO - 2025-11-25 10:28:21 --> Session: Class initialized using 'CodeIgniter\Session\Handlers\FileHandler' driver.
CRITICAL - 2025-11-25 10:28:21 --> ErrorException: Attempt to read property "cpt_role" on null
[Method: GET, Route: compte/afficher_profil]
in APPPATH/Views/connexion/compte_profil.php on line 7.
 1 APPPATH/Views/connexion/compte_profil.php(7): CodeIgniter\Debug\Exceptions->errorHandler()
 2 SYSTEMPATH/View/View.php(234): include('/home/2025DIFAL3/e21909825/public_html/V1/ci/app/Views/connexion/compte_profil.php')
 3 SYSTEMPATH/View/View.php(237): CodeIgniter\View\View->CodeIgniter\View\{closure}()
 4 SYSTEMPATH/Common.php(1171): CodeIgniter\View\View->render()
 5 APPPATH/Controllers/Compte.php(135): view()
 6 SYSTEMPATH/CodeIgniter.php(933): App\Controllers\Compte->afficher_profil()
 7 SYSTEMPATH/CodeIgniter.php(509): CodeIgniter\CodeIgniter->runController()
 8 SYSTEMPATH/CodeIgniter.php(355): CodeIgniter\CodeIgniter->handleRequest()
 9 SYSTEMPATH/Boot.php(325): CodeIgniter\CodeIgniter->run()
10 SYSTEMPATH/Boot.php(67): CodeIgniter\Boot::runCodeIgniter()
11 FCPATH/index.php(56): CodeIgniter\Boot::bootWeb()
INFO - 2025-11-25 10:31:53 --> Session: Class initialized using 'CodeIgniter\Session\Handlers\FileHandler' driver.
CRITICAL - 2025-11-25 10:31:53 --> Error: Attempt to assign property "cpt_role" on null
[Method: GET, Route: compte/afficher_profil]
in APPPATH/Views/connexion/compte_profil.php on line 7.
 1 SYSTEMPATH/View/View.php(234): include()
 2 SYSTEMPATH/View/View.php(237): CodeIgniter\View\View->CodeIgniter\View\{closure}()
 3 SYSTEMPATH/Common.php(1171): CodeIgniter\View\View->render()
 4 APPPATH/Controllers/Compte.php(135): view()
 5 SYSTEMPATH/CodeIgniter.php(933): App\Controllers\Compte->afficher_profil()
 6 SYSTEMPATH/CodeIgniter.php(509): CodeIgniter\CodeIgniter->runController()
 7 SYSTEMPATH/CodeIgniter.php(355): CodeIgniter\CodeIgniter->handleRequest()
 8 SYSTEMPATH/Boot.php(325): CodeIgniter\CodeIgniter->run()
 9 SYSTEMPATH/Boot.php(67): CodeIgniter\Boot::runCodeIgniter()
10 FCPATH/index.php(56): CodeIgniter\Boot::bootWeb()
INFO - 2025-11-25 10:32:09 --> Session: Class initialized using 'CodeIgniter\Session\Handlers\FileHandler' driver.
INFO - 2025-11-25 10:32:11 --> Session: Class initialized using 'CodeIgniter\Session\Handlers\FileHandler' driver.
CRITICAL - 2025-11-25 10:32:11 --> Error: Attempt to assign property "cpt_role" on null
[Method: GET, Route: compte/afficher_profil]
in APPPATH/Views/connexion/compte_profil.php on line 7.
 1 SYSTEMPATH/View/View.php(234): include()
 2 SYSTEMPATH/View/View.php(237): CodeIgniter\View\View->CodeIgniter\View\{closure}()
 3 SYSTEMPATH/Common.php(1171): CodeIgniter\View\View->render()
 4 APPPATH/Controllers/Compte.php(135): view()
 5 SYSTEMPATH/CodeIgniter.php(933): App\Controllers\Compte->afficher_profil()
 6 SYSTEMPATH/CodeIgniter.php(509): CodeIgniter\CodeIgniter->runController()
 7 SYSTEMPATH/CodeIgniter.php(355): CodeIgniter\CodeIgniter->handleRequest()
 8 SYSTEMPATH/Boot.php(325): CodeIgniter\CodeIgniter->run()
 9 SYSTEMPATH/Boot.php(67): CodeIgniter\Boot::runCodeIgniter()
10 FCPATH/index.php(56): CodeIgniter\Boot::bootWeb()
INFO - 2025-11-25 10:32:15 --> Session: Class initialized using 'CodeIgniter\Session\Handlers\FileHandler' driver.
INFO - 2025-11-25 10:32:18 --> Session: Class initialized using 'CodeIgniter\Session\Handlers\FileHandler' driver.
INFO - 2025-11-25 10:32:48 --> Session: Class initialized using 'CodeIgniter\Session\Handlers\FileHandler' driver.
INFO - 2025-11-25 10:32:50 --> Session: Class initialized using 'CodeIgniter\Session\Handlers\FileHandler' driver.
CRITICAL - 2025-11-25 10:32:50 --> ErrorException: Trying to access array offset on value of type null
[Method: GET, Route: compte/afficher_profil]
in APPPATH/Views/connexion/compte_profil.php on line 7.
 1 APPPATH/Views/connexion/compte_profil.php(7): CodeIgniter\Debug\Exceptions->errorHandler()
 2 SYSTEMPATH/View/View.php(234): include('/home/2025DIFAL3/e21909825/public_html/V1/ci/app/Views/connexion/compte_profil.php')
 3 SYSTEMPATH/View/View.php(237): CodeIgniter\View\View->CodeIgniter\View\{closure}()
 4 SYSTEMPATH/Common.php(1171): CodeIgniter\View\View->render()
 5 APPPATH/Controllers/Compte.php(135): view()
 6 SYSTEMPATH/CodeIgniter.php(933): App\Controllers\Compte->afficher_profil()
 7 SYSTEMPATH/CodeIgniter.php(509): CodeIgniter\CodeIgniter->runController()
 8 SYSTEMPATH/CodeIgniter.php(355): CodeIgniter\CodeIgniter->handleRequest()
 9 SYSTEMPATH/Boot.php(325): CodeIgniter\CodeIgniter->run()
10 SYSTEMPATH/Boot.php(67): CodeIgniter\Boot::runCodeIgniter()
11 FCPATH/index.php(56): CodeIgniter\Boot::bootWeb()
INFO - 2025-11-25 10:32:52 --> Session: Class initialized using 'CodeIgniter\Session\Handlers\FileHandler' driver.
INFO - 2025-11-25 10:33:53 --> Session: Class initialized using 'CodeIgniter\Session\Handlers\FileHandler' driver.
CRITICAL - 2025-11-25 10:33:53 --> ErrorException: Attempt to read property "cpt_role" on null
[Method: GET, Route: compte/afficher_profil]
in APPPATH/Views/connexion/compte_profil.php on line 7.
 1 APPPATH/Views/connexion/compte_profil.php(7): CodeIgniter\Debug\Exceptions->errorHandler()
 2 SYSTEMPATH/View/View.php(234): include('/home/2025DIFAL3/e21909825/public_html/V1/ci/app/Views/connexion/compte_profil.php')
 3 SYSTEMPATH/View/View.php(237): CodeIgniter\View\View->CodeIgniter\View\{closure}()
 4 SYSTEMPATH/Common.php(1171): CodeIgniter\View\View->render()
 5 APPPATH/Controllers/Compte.php(135): view()
 6 SYSTEMPATH/CodeIgniter.php(933): App\Controllers\Compte->afficher_profil()
 7 SYSTEMPATH/CodeIgniter.php(509): CodeIgniter\CodeIgniter->runController()
 8 SYSTEMPATH/CodeIgniter.php(355): CodeIgniter\CodeIgniter->handleRequest()
 9 SYSTEMPATH/Boot.php(325): CodeIgniter\CodeIgniter->run()
10 SYSTEMPATH/Boot.php(67): CodeIgniter\Boot::runCodeIgniter()
11 FCPATH/index.php(56): CodeIgniter\Boot::bootWeb()
INFO - 2025-11-25 10:33:54 --> Session: Class initialized using 'CodeIgniter\Session\Handlers\FileHandler' driver.
CRITICAL - 2025-11-25 10:33:54 --> ErrorException: Attempt to read property "cpt_role" on null
[Method: GET, Route: compte/afficher_profil]
in APPPATH/Views/connexion/compte_profil.php on line 7.
 1 APPPATH/Views/connexion/compte_profil.php(7): CodeIgniter\Debug\Exceptions->errorHandler()
 2 SYSTEMPATH/View/View.php(234): include('/home/2025DIFAL3/e21909825/public_html/V1/ci/app/Views/connexion/compte_profil.php')
 3 SYSTEMPATH/View/View.php(237): CodeIgniter\View\View->CodeIgniter\View\{closure}()
 4 SYSTEMPATH/Common.php(1171): CodeIgniter\View\View->render()
 5 APPPATH/Controllers/Compte.php(135): view()
 6 SYSTEMPATH/CodeIgniter.php(933): App\Controllers\Compte->afficher_profil()
 7 SYSTEMPATH/CodeIgniter.php(509): CodeIgniter\CodeIgniter->runController()
 8 SYSTEMPATH/CodeIgniter.php(355): CodeIgniter\CodeIgniter->handleRequest()
 9 SYSTEMPATH/Boot.php(325): CodeIgniter\CodeIgniter->run()
10 SYSTEMPATH/Boot.php(67): CodeIgniter\Boot::runCodeIgniter()
11 FCPATH/index.php(56): CodeIgniter\Boot::bootWeb()
INFO - 2025-11-25 10:33:56 --> Session: Class initialized using 'CodeIgniter\Session\Handlers\FileHandler' driver.
INFO - 2025-11-25 10:35:20 --> Session: Class initialized using 'CodeIgniter\Session\Handlers\FileHandler' driver.
INFO - 2025-11-25 10:35:21 --> Session: Class initialized using 'CodeIgniter\Session\Handlers\FileHandler' driver.
CRITICAL - 2025-11-25 10:35:21 --> ErrorException: Attempt to read property "cpt_role" on null
[Method: GET, Route: compte/afficher_profil]
in APPPATH/Views/connexion/compte_profil.php on line 7.
 1 APPPATH/Views/connexion/compte_profil.php(7): CodeIgniter\Debug\Exceptions->errorHandler()
 2 SYSTEMPATH/View/View.php(234): include('/home/2025DIFAL3/e21909825/public_html/V1/ci/app/Views/connexion/compte_profil.php')
 3 SYSTEMPATH/View/View.php(237): CodeIgniter\View\View->CodeIgniter\View\{closure}()
 4 SYSTEMPATH/Common.php(1171): CodeIgniter\View\View->render()
 5 APPPATH/Controllers/Compte.php(135): view()
 6 SYSTEMPATH/CodeIgniter.php(933): App\Controllers\Compte->afficher_profil()
 7 SYSTEMPATH/CodeIgniter.php(509): CodeIgniter\CodeIgniter->runController()
 8 SYSTEMPATH/CodeIgniter.php(355): CodeIgniter\CodeIgniter->handleRequest()
 9 SYSTEMPATH/Boot.php(325): CodeIgniter\CodeIgniter->run()
10 SYSTEMPATH/Boot.php(67): CodeIgniter\Boot::runCodeIgniter()
11 FCPATH/index.php(56): CodeIgniter\Boot::bootWeb()
INFO - 2025-11-25 10:35:23 --> Session: Class initialized using 'CodeIgniter\Session\Handlers\FileHandler' driver.
INFO - 2025-11-25 10:37:13 --> Session: Class initialized using 'CodeIgniter\Session\Handlers\FileHandler' driver.
INFO - 2025-11-25 10:37:15 --> Session: Class initialized using 'CodeIgniter\Session\Handlers\FileHandler' driver.
CRITICAL - 2025-11-25 10:37:15 --> ParseError: syntax error, unexpected token "echo", expecting "," or ";"
[Method: GET, Route: compte/afficher_profil]
in APPPATH/Views/connexion/compte_profil.php on line 18.
 1 SYSTEMPATH/View/View.php(237): CodeIgniter\View\View->CodeIgniter\View\{closure}()
 2 SYSTEMPATH/Common.php(1171): CodeIgniter\View\View->render()
 3 APPPATH/Controllers/Compte.php(135): view()
 4 SYSTEMPATH/CodeIgniter.php(933): App\Controllers\Compte->afficher_profil()
 5 SYSTEMPATH/CodeIgniter.php(509): CodeIgniter\CodeIgniter->runController()
 6 SYSTEMPATH/CodeIgniter.php(355): CodeIgniter\CodeIgniter->handleRequest()
 7 SYSTEMPATH/Boot.php(325): CodeIgniter\CodeIgniter->run()
 8 SYSTEMPATH/Boot.php(67): CodeIgniter\Boot::runCodeIgniter()
 9 FCPATH/index.php(56): CodeIgniter\Boot::bootWeb()
INFO - 2025-11-25 10:37:16 --> Session: Class initialized using 'CodeIgniter\Session\Handlers\FileHandler' driver.
INFO - 2025-11-25 10:37:18 --> Session: Class initialized using 'CodeIgniter\Session\Handlers\FileHandler' driver.
INFO - 2025-11-25 10:37:38 --> Session: Class initialized using 'CodeIgniter\Session\Handlers\FileHandler' driver.
INFO - 2025-11-25 10:37:43 --> Session: Class initialized using 'CodeIgniter\Session\Handlers\FileHandler' driver.
CRITICAL - 2025-11-25 10:37:43 --> ParseError: syntax error, unexpected token "echo", expecting "," or ";"
[Method: GET, Route: compte/afficher_profil]
in APPPATH/Views/connexion/compte_profil.php on line 18.
 1 SYSTEMPATH/View/View.php(237): CodeIgniter\View\View->CodeIgniter\View\{closure}()
 2 SYSTEMPATH/Common.php(1171): CodeIgniter\View\View->render()
 3 APPPATH/Controllers/Compte.php(135): view()
 4 SYSTEMPATH/CodeIgniter.php(933): App\Controllers\Compte->afficher_profil()
 5 SYSTEMPATH/CodeIgniter.php(509): CodeIgniter\CodeIgniter->runController()
 6 SYSTEMPATH/CodeIgniter.php(355): CodeIgniter\CodeIgniter->handleRequest()
 7 SYSTEMPATH/Boot.php(325): CodeIgniter\CodeIgniter->run()
 8 SYSTEMPATH/Boot.php(67): CodeIgniter\Boot::runCodeIgniter()
 9 FCPATH/index.php(56): CodeIgniter\Boot::bootWeb()
INFO - 2025-11-25 10:37:59 --> Session: Class initialized using 'CodeIgniter\Session\Handlers\FileHandler' driver.
INFO - 2025-11-25 10:38:01 --> Session: Class initialized using 'CodeIgniter\Session\Handlers\FileHandler' driver.
INFO - 2025-11-25 10:40:22 --> Session: Class initialized using 'CodeIgniter\Session\Handlers\FileHandler' driver.
INFO - 2025-11-25 10:40:26 --> Session: Class initialized using 'CodeIgniter\Session\Handlers\FileHandler' driver.
INFO - 2025-11-25 10:40:29 --> Session: Class initialized using 'CodeIgniter\Session\Handlers\FileHandler' driver.
INFO - 2025-11-25 10:40:30 --> Session: Class initialized using 'CodeIgniter\Session\Handlers\FileHandler' driver.
INFO - 2025-11-25 10:40:44 --> Session: Class initialized using 'CodeIgniter\Session\Handlers\FileHandler' driver.
INFO - 2025-11-25 10:40:56 --> Session: Class initialized using 'CodeIgniter\Session\Handlers\FileHandler' driver.
INFO - 2025-11-25 10:40:58 --> Session: Class initialized using 'CodeIgniter\Session\Handlers\FileHandler' driver.
CRITICAL - 2025-11-25 10:40:58 --> ErrorException: Attempt to read property "cpt_role" on null
[Method: GET, Route: compte/afficher_profil]
in APPPATH/Views/connexion/compte_profil.php on line 7.
 1 APPPATH/Views/connexion/compte_profil.php(7): CodeIgniter\Debug\Exceptions->errorHandler()
 2 SYSTEMPATH/View/View.php(234): include('/home/2025DIFAL3/e21909825/public_html/V1/ci/app/Views/connexion/compte_profil.php')
 3 SYSTEMPATH/View/View.php(237): CodeIgniter\View\View->CodeIgniter\View\{closure}()
 4 SYSTEMPATH/Common.php(1171): CodeIgniter\View\View->render()
 5 APPPATH/Controllers/Compte.php(135): view()
 6 SYSTEMPATH/CodeIgniter.php(933): App\Controllers\Compte->afficher_profil()
 7 SYSTEMPATH/CodeIgniter.php(509): CodeIgniter\CodeIgniter->runController()
 8 SYSTEMPATH/CodeIgniter.php(355): CodeIgniter\CodeIgniter->handleRequest()
 9 SYSTEMPATH/Boot.php(325): CodeIgniter\CodeIgniter->run()
10 SYSTEMPATH/Boot.php(67): CodeIgniter\Boot::runCodeIgniter()
11 FCPATH/index.php(56): CodeIgniter\Boot::bootWeb()
INFO - 2025-11-25 10:41:05 --> Session: Class initialized using 'CodeIgniter\Session\Handlers\FileHandler' driver.
INFO - 2025-11-25 10:41:07 --> Session: Class initialized using 'CodeIgniter\Session\Handlers\FileHandler' driver.
ERROR - 2025-11-25 10:50:50 --> mysqli_sql_exception: You have an error in your SQL syntax; check the manual that corresponds to your MariaDB server version for the right syntax to use near 'adhesion ne peut pas etre acceptée .' WHERE mes_code_genere='f01d0f7a8c24b70...' at line 1 in /home/2025DIFAL3/e21909825/public_html/V1/ci/system/Database/MySQLi/Connection.php:312
Stack trace:
#0 /home/2025DIFAL3/e21909825/public_html/V1/ci/system/Database/MySQLi/Connection.php(312): mysqli->query()
#1 /home/2025DIFAL3/e21909825/public_html/V1/ci/system/Database/BaseConnection.php(734): CodeIgniter\Database\MySQLi\Connection->execute()
#2 /home/2025DIFAL3/e21909825/public_html/V1/ci/system/Database/BaseConnection.php(648): CodeIgniter\Database\BaseConnection->simpleQuery()
#3 /home/2025DIFAL3/e21909825/public_html/V1/ci/app/Models/Db_model.php(125): CodeIgniter\Database\BaseConnection->query()
#4 /home/2025DIFAL3/e21909825/public_html/V1/ci/app/Controllers/Reponse.php(33): App\Models\Db_model->ajout_reponse()
#5 /home/2025DIFAL3/e21909825/public_html/V1/ci/system/CodeIgniter.php(933): App\Controllers\Reponse->reponse_admin()
#6 /home/2025DIFAL3/e21909825/public_html/V1/ci/system/CodeIgniter.php(509): CodeIgniter\CodeIgniter->runController()
#7 /home/2025DIFAL3/e21909825/public_html/V1/ci/system/CodeIgniter.php(355): CodeIgniter\CodeIgniter->handleRequest()
#8 /home/2025DIFAL3/e21909825/public_html/V1/ci/system/Boot.php(325): CodeIgniter\CodeIgniter->run()
#9 /home/2025DIFAL3/e21909825/public_html/V1/ci/system/Boot.php(67): CodeIgniter\Boot::runCodeIgniter()
#10 /home/2025DIFAL3/e21909825/public_html/V1/ci/public/index.php(56): CodeIgniter\Boot::bootWeb()
#11 {main}
CRITICAL - 2025-11-25 10:50:50 --> CodeIgniter\Database\Exceptions\DatabaseException: You have an error in your SQL syntax; check the manual that corresponds to your MariaDB server version for the right syntax to use near 'adhesion ne peut pas etre acceptée .' WHERE mes_code_genere='f01d0f7a8c24b70...' at line 1
[Method: POST, Route: reponse/reponse_admin/f01d0f7a8c24b70c40fb]
in SYSTEMPATH/Database/BaseConnection.php on line 688.
 1 APPPATH/Models/Db_model.php(125): CodeIgniter\Database\BaseConnection->query()
 2 APPPATH/Controllers/Reponse.php(33): App\Models\Db_model->ajout_reponse()
 3 SYSTEMPATH/CodeIgniter.php(933): App\Controllers\Reponse->reponse_admin()
 4 SYSTEMPATH/CodeIgniter.php(509): CodeIgniter\CodeIgniter->runController()
 5 SYSTEMPATH/CodeIgniter.php(355): CodeIgniter\CodeIgniter->handleRequest()
 6 SYSTEMPATH/Boot.php(325): CodeIgniter\CodeIgniter->run()
 7 SYSTEMPATH/Boot.php(67): CodeIgniter\Boot::runCodeIgniter()
 8 FCPATH/index.php(56): CodeIgniter\Boot::bootWeb()
CRITICAL - 2025-11-25 10:50:50 --> [Caused by] CodeIgniter\Database\Exceptions\DatabaseException: You have an error in your SQL syntax; check the manual that corresponds to your MariaDB server version for the right syntax to use near 'adhesion ne peut pas etre acceptée .' WHERE mes_code_genere='f01d0f7a8c24b70...' at line 1
in SYSTEMPATH/Database/MySQLi/Connection.php on line 317.
 1 SYSTEMPATH/Database/BaseConnection.php(734): CodeIgniter\Database\MySQLi\Connection->execute()
 2 SYSTEMPATH/Database/BaseConnection.php(648): CodeIgniter\Database\BaseConnection->simpleQuery()
 3 APPPATH/Models/Db_model.php(125): CodeIgniter\Database\BaseConnection->query()
 4 APPPATH/Controllers/Reponse.php(33): App\Models\Db_model->ajout_reponse()
 5 SYSTEMPATH/CodeIgniter.php(933): App\Controllers\Reponse->reponse_admin()
 6 SYSTEMPATH/CodeIgniter.php(509): CodeIgniter\CodeIgniter->runController()
 7 SYSTEMPATH/CodeIgniter.php(355): CodeIgniter\CodeIgniter->handleRequest()
 8 SYSTEMPATH/Boot.php(325): CodeIgniter\CodeIgniter->run()
 9 SYSTEMPATH/Boot.php(67): CodeIgniter\Boot::runCodeIgniter()
10 FCPATH/index.php(56): CodeIgniter\Boot::bootWeb()
CRITICAL - 2025-11-25 10:50:50 --> [Caused by] mysqli_sql_exception: You have an error in your SQL syntax; check the manual that corresponds to your MariaDB server version for the right syntax to use near 'adhesion ne peut pas etre acceptée .' WHERE mes_code_genere='f01d0f7a8c24b70...' at line 1
in SYSTEMPATH/Database/MySQLi/Connection.php on line 312.
 1 SYSTEMPATH/Database/MySQLi/Connection.php(312): mysqli->query()
 2 SYSTEMPATH/Database/BaseConnection.php(734): CodeIgniter\Database\MySQLi\Connection->execute()
 3 SYSTEMPATH/Database/BaseConnection.php(648): CodeIgniter\Database\BaseConnection->simpleQuery()
 4 APPPATH/Models/Db_model.php(125): CodeIgniter\Database\BaseConnection->query()
 5 APPPATH/Controllers/Reponse.php(33): App\Models\Db_model->ajout_reponse()
 6 SYSTEMPATH/CodeIgniter.php(933): App\Controllers\Reponse->reponse_admin()
 7 SYSTEMPATH/CodeIgniter.php(509): CodeIgniter\CodeIgniter->runController()
 8 SYSTEMPATH/CodeIgniter.php(355): CodeIgniter\CodeIgniter->handleRequest()
 9 SYSTEMPATH/Boot.php(325): CodeIgniter\CodeIgniter->run()
10 SYSTEMPATH/Boot.php(67): CodeIgniter\Boot::runCodeIgniter()
11 FCPATH/index.php(56): CodeIgniter\Boot::bootWeb()
INFO - 2025-11-25 11:01:57 --> Session: Class initialized using 'CodeIgniter\Session\Handlers\FileHandler' driver.
CRITICAL - 2025-11-25 11:01:57 --> ErrorException: Attempt to read property "cpt_role" on null
[Method: GET, Route: compte/afficher_profil]
in APPPATH/Views/connexion/compte_profil.php on line 7.
 1 APPPATH/Views/connexion/compte_profil.php(7): CodeIgniter\Debug\Exceptions->errorHandler()
 2 SYSTEMPATH/View/View.php(234): include('/home/2025DIFAL3/e21909825/public_html/V1/ci/app/Views/connexion/compte_profil.php')
 3 SYSTEMPATH/View/View.php(237): CodeIgniter\View\View->CodeIgniter\View\{closure}()
 4 SYSTEMPATH/Common.php(1171): CodeIgniter\View\View->render()
 5 APPPATH/Controllers/Compte.php(135): view()
 6 SYSTEMPATH/CodeIgniter.php(933): App\Controllers\Compte->afficher_profil()
 7 SYSTEMPATH/CodeIgniter.php(509): CodeIgniter\CodeIgniter->runController()
 8 SYSTEMPATH/CodeIgniter.php(355): CodeIgniter\CodeIgniter->handleRequest()
 9 SYSTEMPATH/Boot.php(325): CodeIgniter\CodeIgniter->run()
10 SYSTEMPATH/Boot.php(67): CodeIgniter\Boot::runCodeIgniter()
11 FCPATH/index.php(56): CodeIgniter\Boot::bootWeb()
INFO - 2025-11-25 11:03:45 --> Session: Class initialized using 'CodeIgniter\Session\Handlers\FileHandler' driver.
INFO - 2025-11-25 11:07:42 --> Session: Class initialized using 'CodeIgniter\Session\Handlers\FileHandler' driver.
INFO - 2025-11-25 11:08:05 --> Session: Class initialized using 'CodeIgniter\Session\Handlers\FileHandler' driver.
INFO - 2025-11-25 11:08:16 --> Session: Class initialized using 'CodeIgniter\Session\Handlers\FileHandler' driver.
INFO - 2025-11-25 11:12:27 --> Session: Class initialized using 'CodeIgniter\Session\Handlers\FileHandler' driver.
INFO - 2025-11-25 11:12:35 --> Session: Class initialized using 'CodeIgniter\Session\Handlers\FileHandler' driver.
INFO - 2025-11-25 11:12:39 --> Session: Class initialized using 'CodeIgniter\Session\Handlers\FileHandler' driver.
INFO - 2025-11-25 11:12:49 --> Session: Class initialized using 'CodeIgniter\Session\Handlers\FileHandler' driver.
INFO - 2025-11-25 11:12:52 --> Session: Class initialized using 'CodeIgniter\Session\Handlers\FileHandler' driver.
INFO - 2025-11-25 11:12:57 --> Session: Class initialized using 'CodeIgniter\Session\Handlers\FileHandler' driver.
CRITICAL - 2025-11-25 12:51:44 --> ParseError: syntax error, unexpected token "}", expecting ";"
[Method: GET, Route: compte/deconnecter]
in APPPATH/Controllers/Compte.php on line 109.
 1 SYSTEMPATH/Autoloader/Autoloader.php(296): CodeIgniter\Autoloader\Autoloader->includeFile()
 2 SYSTEMPATH/Autoloader/Autoloader.php(272): CodeIgniter\Autoloader\Autoloader->loadInNamespace()
 3 [internal function]: CodeIgniter\Autoloader\Autoloader->loadClass()
 4 SYSTEMPATH/CodeIgniter.php(887): class_exists()
 5 SYSTEMPATH/CodeIgniter.php(496): CodeIgniter\CodeIgniter->startController()
 6 SYSTEMPATH/CodeIgniter.php(355): CodeIgniter\CodeIgniter->handleRequest()
 7 SYSTEMPATH/Boot.php(325): CodeIgniter\CodeIgniter->run()
 8 SYSTEMPATH/Boot.php(67): CodeIgniter\Boot::runCodeIgniter()
 9 FCPATH/index.php(56): CodeIgniter\Boot::bootWeb()
CRITICAL - 2025-11-25 12:52:20 --> ParseError: syntax error, unexpected token "."
[Method: GET, Route: compte/deconnecter]
in APPPATH/Controllers/Compte.php on line 147.
 1 SYSTEMPATH/Autoloader/Autoloader.php(296): CodeIgniter\Autoloader\Autoloader->includeFile()
 2 SYSTEMPATH/Autoloader/Autoloader.php(272): CodeIgniter\Autoloader\Autoloader->loadInNamespace()
 3 [internal function]: CodeIgniter\Autoloader\Autoloader->loadClass()
 4 SYSTEMPATH/CodeIgniter.php(887): class_exists()
 5 SYSTEMPATH/CodeIgniter.php(496): CodeIgniter\CodeIgniter->startController()
 6 SYSTEMPATH/CodeIgniter.php(355): CodeIgniter\CodeIgniter->handleRequest()
 7 SYSTEMPATH/Boot.php(325): CodeIgniter\CodeIgniter->run()
 8 SYSTEMPATH/Boot.php(67): CodeIgniter\Boot::runCodeIgniter()
 9 FCPATH/index.php(56): CodeIgniter\Boot::bootWeb()
INFO - 2025-11-25 12:53:04 --> Session: Class initialized using 'CodeIgniter\Session\Handlers\FileHandler' driver.
INFO - 2025-11-25 12:53:08 --> Session: Class initialized using 'CodeIgniter\Session\Handlers\FileHandler' driver.
INFO - 2025-11-25 12:53:21 --> Session: Class initialized using 'CodeIgniter\Session\Handlers\FileHandler' driver.
INFO - 2025-11-25 13:00:14 --> Session: Class initialized using 'CodeIgniter\Session\Handlers\FileHandler' driver.
CRITICAL - 2025-11-25 13:00:14 --> ErrorException: Undefined property: App\Controllers\Compte::$model
[Method: GET, Route: compte/afficher_reservations]
in APPPATH/Controllers/Compte.php on line 129.
 1 APPPATH/Controllers/Compte.php(129): CodeIgniter\Debug\Exceptions->errorHandler()
 2 SYSTEMPATH/CodeIgniter.php(933): App\Controllers\Compte->afficher_reservations()
 3 SYSTEMPATH/CodeIgniter.php(509): CodeIgniter\CodeIgniter->runController()
 4 SYSTEMPATH/CodeIgniter.php(355): CodeIgniter\CodeIgniter->handleRequest()
 5 SYSTEMPATH/Boot.php(325): CodeIgniter\CodeIgniter->run()
 6 SYSTEMPATH/Boot.php(67): CodeIgniter\Boot::runCodeIgniter()
 7 FCPATH/index.php(56): CodeIgniter\Boot::bootWeb()
INFO - 2025-11-25 13:01:37 --> Session: Class initialized using 'CodeIgniter\Session\Handlers\FileHandler' driver.
CRITICAL - 2025-11-25 13:01:37 --> ErrorException: Undefined property: App\Controllers\Compte::$model
[Method: GET, Route: compte/afficher_reservations]
in APPPATH/Controllers/Compte.php on line 131.
 1 APPPATH/Controllers/Compte.php(131): CodeIgniter\Debug\Exceptions->errorHandler()
 2 SYSTEMPATH/CodeIgniter.php(933): App\Controllers\Compte->afficher_reservations()
 3 SYSTEMPATH/CodeIgniter.php(509): CodeIgniter\CodeIgniter->runController()
 4 SYSTEMPATH/CodeIgniter.php(355): CodeIgniter\CodeIgniter->handleRequest()
 5 SYSTEMPATH/Boot.php(325): CodeIgniter\CodeIgniter->run()
 6 SYSTEMPATH/Boot.php(67): CodeIgniter\Boot::runCodeIgniter()
 7 FCPATH/index.php(56): CodeIgniter\Boot::bootWeb()
INFO - 2025-11-25 13:01:59 --> Session: Class initialized using 'CodeIgniter\Session\Handlers\FileHandler' driver.
CRITICAL - 2025-11-25 13:01:59 --> Error: Object of class App\Models\Db_model could not be converted to string
[Method: GET, Route: compte/afficher_reservations]
in APPPATH/Controllers/Compte.php on line 131.
 1 SYSTEMPATH/CodeIgniter.php(933): App\Controllers\Compte->afficher_reservations()
 2 SYSTEMPATH/CodeIgniter.php(509): CodeIgniter\CodeIgniter->runController()
 3 SYSTEMPATH/CodeIgniter.php(355): CodeIgniter\CodeIgniter->handleRequest()
 4 SYSTEMPATH/Boot.php(325): CodeIgniter\CodeIgniter->run()
 5 SYSTEMPATH/Boot.php(67): CodeIgniter\Boot::runCodeIgniter()
 6 FCPATH/index.php(56): CodeIgniter\Boot::bootWeb()
INFO - 2025-11-25 13:02:22 --> Session: Class initialized using 'CodeIgniter\Session\Handlers\FileHandler' driver.
CRITICAL - 2025-11-25 13:02:22 --> ErrorException: Undefined property: App\Controllers\Compte::$model
[Method: GET, Route: compte/afficher_reservations]
in APPPATH/Controllers/Compte.php on line 130.
 1 APPPATH/Controllers/Compte.php(130): CodeIgniter\Debug\Exceptions->errorHandler()
 2 SYSTEMPATH/CodeIgniter.php(933): App\Controllers\Compte->afficher_reservations()
 3 SYSTEMPATH/CodeIgniter.php(509): CodeIgniter\CodeIgniter->runController()
 4 SYSTEMPATH/CodeIgniter.php(355): CodeIgniter\CodeIgniter->handleRequest()
 5 SYSTEMPATH/Boot.php(325): CodeIgniter\CodeIgniter->run()
 6 SYSTEMPATH/Boot.php(67): CodeIgniter\Boot::runCodeIgniter()
 7 FCPATH/index.php(56): CodeIgniter\Boot::bootWeb()
INFO - 2025-11-25 13:03:03 --> Session: Class initialized using 'CodeIgniter\Session\Handlers\FileHandler' driver.
INFO - 2025-11-25 13:03:09 --> Session: Class initialized using 'CodeIgniter\Session\Handlers\FileHandler' driver.
CRITICAL - 2025-11-25 13:03:09 --> ErrorException: Attempt to read property "cpt_role" on null
[Method: GET, Route: compte/afficher_profil]
in APPPATH/Views/connexion/compte_profil.php on line 7.
 1 APPPATH/Views/connexion/compte_profil.php(7): CodeIgniter\Debug\Exceptions->errorHandler()
 2 SYSTEMPATH/View/View.php(234): include('/home/2025DIFAL3/e21909825/public_html/V1/ci/app/Views/connexion/compte_profil.php')
 3 SYSTEMPATH/View/View.php(237): CodeIgniter\View\View->CodeIgniter\View\{closure}()
 4 SYSTEMPATH/Common.php(1171): CodeIgniter\View\View->render()
 5 APPPATH/Controllers/Compte.php(168): view()
 6 SYSTEMPATH/CodeIgniter.php(933): App\Controllers\Compte->afficher_profil()
 7 SYSTEMPATH/CodeIgniter.php(509): CodeIgniter\CodeIgniter->runController()
 8 SYSTEMPATH/CodeIgniter.php(355): CodeIgniter\CodeIgniter->handleRequest()
 9 SYSTEMPATH/Boot.php(325): CodeIgniter\CodeIgniter->run()
10 SYSTEMPATH/Boot.php(67): CodeIgniter\Boot::runCodeIgniter()
11 FCPATH/index.php(56): CodeIgniter\Boot::bootWeb()
INFO - 2025-11-25 13:04:06 --> Session: Class initialized using 'CodeIgniter\Session\Handlers\FileHandler' driver.
CRITICAL - 2025-11-25 13:04:06 --> ErrorException: Attempt to read property "cpt_role" on null
[Method: GET, Route: compte/afficher_profil]
in APPPATH/Views/connexion/compte_profil.php on line 7.
 1 APPPATH/Views/connexion/compte_profil.php(7): CodeIgniter\Debug\Exceptions->errorHandler()
 2 SYSTEMPATH/View/View.php(234): include('/home/2025DIFAL3/e21909825/public_html/V1/ci/app/Views/connexion/compte_profil.php')
 3 SYSTEMPATH/View/View.php(237): CodeIgniter\View\View->CodeIgniter\View\{closure}()
 4 SYSTEMPATH/Common.php(1171): CodeIgniter\View\View->render()
 5 APPPATH/Controllers/Compte.php(168): view()
 6 SYSTEMPATH/CodeIgniter.php(933): App\Controllers\Compte->afficher_profil()
 7 SYSTEMPATH/CodeIgniter.php(509): CodeIgniter\CodeIgniter->runController()
 8 SYSTEMPATH/CodeIgniter.php(355): CodeIgniter\CodeIgniter->handleRequest()
 9 SYSTEMPATH/Boot.php(325): CodeIgniter\CodeIgniter->run()
10 SYSTEMPATH/Boot.php(67): CodeIgniter\Boot::runCodeIgniter()
11 FCPATH/index.php(56): CodeIgniter\Boot::bootWeb()
INFO - 2025-11-25 13:05:34 --> Session: Class initialized using 'CodeIgniter\Session\Handlers\FileHandler' driver.
INFO - 2025-11-25 13:06:23 --> Session: Class initialized using 'CodeIgniter\Session\Handlers\FileHandler' driver.
INFO - 2025-11-25 13:06:38 --> Session: Class initialized using 'CodeIgniter\Session\Handlers\FileHandler' driver.
INFO - 2025-11-25 13:06:42 --> Session: Class initialized using 'CodeIgniter\Session\Handlers\FileHandler' driver.
INFO - 2025-11-25 13:06:45 --> Session: Class initialized using 'CodeIgniter\Session\Handlers\FileHandler' driver.
CRITICAL - 2025-11-25 13:06:45 --> ErrorException: Attempt to read property "cpt_role" on null
[Method: GET, Route: compte/afficher_profil]
in APPPATH/Views/connexion/compte_profil.php on line 7.
 1 APPPATH/Views/connexion/compte_profil.php(7): CodeIgniter\Debug\Exceptions->errorHandler()
 2 SYSTEMPATH/View/View.php(234): include('/home/2025DIFAL3/e21909825/public_html/V1/ci/app/Views/connexion/compte_profil.php')
 3 SYSTEMPATH/View/View.php(237): CodeIgniter\View\View->CodeIgniter\View\{closure}()
 4 SYSTEMPATH/Common.php(1171): CodeIgniter\View\View->render()
 5 APPPATH/Controllers/Compte.php(168): view()
 6 SYSTEMPATH/CodeIgniter.php(933): App\Controllers\Compte->afficher_profil()
 7 SYSTEMPATH/CodeIgniter.php(509): CodeIgniter\CodeIgniter->runController()
 8 SYSTEMPATH/CodeIgniter.php(355): CodeIgniter\CodeIgniter->handleRequest()
 9 SYSTEMPATH/Boot.php(325): CodeIgniter\CodeIgniter->run()
10 SYSTEMPATH/Boot.php(67): CodeIgniter\Boot::runCodeIgniter()
11 FCPATH/index.php(56): CodeIgniter\Boot::bootWeb()
INFO - 2025-11-25 13:06:47 --> Session: Class initialized using 'CodeIgniter\Session\Handlers\FileHandler' driver.
INFO - 2025-11-25 13:06:49 --> Session: Class initialized using 'CodeIgniter\Session\Handlers\FileHandler' driver.
INFO - 2025-11-25 13:06:52 --> Session: Class initialized using 'CodeIgniter\Session\Handlers\FileHandler' driver.
INFO - 2025-11-25 13:06:55 --> Session: Class initialized using 'CodeIgniter\Session\Handlers\FileHandler' driver.
CRITICAL - 2025-11-25 13:06:55 --> Error: Call to undefined function form_open()
[Method: GET, Route: compte/afficher_reservations]
in APPPATH/Views/connexion/compte_connecter.php on line 3.
 1 SYSTEMPATH/View/View.php(234): include()
 2 SYSTEMPATH/View/View.php(237): CodeIgniter\View\View->CodeIgniter\View\{closure}()
 3 SYSTEMPATH/Common.php(1171): CodeIgniter\View\View->render()
 4 APPPATH/Controllers/Compte.php(153): view()
 5 SYSTEMPATH/CodeIgniter.php(933): App\Controllers\Compte->afficher_reservations()
 6 SYSTEMPATH/CodeIgniter.php(509): CodeIgniter\CodeIgniter->runController()
 7 SYSTEMPATH/CodeIgniter.php(355): CodeIgniter\CodeIgniter->handleRequest()
 8 SYSTEMPATH/Boot.php(325): CodeIgniter\CodeIgniter->run()
 9 SYSTEMPATH/Boot.php(67): CodeIgniter\Boot::runCodeIgniter()
10 FCPATH/index.php(56): CodeIgniter\Boot::bootWeb()
INFO - 2025-11-25 13:07:46 --> Session: Class initialized using 'CodeIgniter\Session\Handlers\FileHandler' driver.
CRITICAL - 2025-11-25 13:07:46 --> Error: Call to undefined function form_open()
[Method: GET, Route: compte/afficher_reservations]
in APPPATH/Views/connexion/compte_connecter.php on line 3.
 1 SYSTEMPATH/View/View.php(234): include()
 2 SYSTEMPATH/View/View.php(237): CodeIgniter\View\View->CodeIgniter\View\{closure}()
 3 SYSTEMPATH/Common.php(1171): CodeIgniter\View\View->render()
 4 APPPATH/Controllers/Compte.php(153): view()
 5 SYSTEMPATH/CodeIgniter.php(933): App\Controllers\Compte->afficher_reservations()
 6 SYSTEMPATH/CodeIgniter.php(509): CodeIgniter\CodeIgniter->runController()
 7 SYSTEMPATH/CodeIgniter.php(355): CodeIgniter\CodeIgniter->handleRequest()
 8 SYSTEMPATH/Boot.php(325): CodeIgniter\CodeIgniter->run()
 9 SYSTEMPATH/Boot.php(67): CodeIgniter\Boot::runCodeIgniter()
10 FCPATH/index.php(56): CodeIgniter\Boot::bootWeb()
INFO - 2025-11-25 13:08:41 --> Session: Class initialized using 'CodeIgniter\Session\Handlers\FileHandler' driver.
CRITICAL - 2025-11-25 13:08:41 --> Error: Call to undefined function form_open()
[Method: GET, Route: compte/afficher_reservations]
in APPPATH/Views/connexion/compte_connecter.php on line 3.
 1 SYSTEMPATH/View/View.php(234): include()
 2 SYSTEMPATH/View/View.php(237): CodeIgniter\View\View->CodeIgniter\View\{closure}()
 3 SYSTEMPATH/Common.php(1171): CodeIgniter\View\View->render()
 4 APPPATH/Controllers/Compte.php(153): view()
 5 SYSTEMPATH/CodeIgniter.php(933): App\Controllers\Compte->afficher_reservations()
 6 SYSTEMPATH/CodeIgniter.php(509): CodeIgniter\CodeIgniter->runController()
 7 SYSTEMPATH/CodeIgniter.php(355): CodeIgniter\CodeIgniter->handleRequest()
 8 SYSTEMPATH/Boot.php(325): CodeIgniter\CodeIgniter->run()
 9 SYSTEMPATH/Boot.php(67): CodeIgniter\Boot::runCodeIgniter()
10 FCPATH/index.php(56): CodeIgniter\Boot::bootWeb()
INFO - 2025-11-25 13:09:31 --> Session: Class initialized using 'CodeIgniter\Session\Handlers\FileHandler' driver.
CRITICAL - 2025-11-25 13:09:31 --> Error: Call to undefined function form_open()
[Method: GET, Route: compte/afficher_reservations]
in APPPATH/Views/connexion/compte_connecter.php on line 3.
 1 SYSTEMPATH/View/View.php(234): include()
 2 SYSTEMPATH/View/View.php(237): CodeIgniter\View\View->CodeIgniter\View\{closure}()
 3 SYSTEMPATH/Common.php(1171): CodeIgniter\View\View->render()
 4 APPPATH/Controllers/Compte.php(153): view()
 5 SYSTEMPATH/CodeIgniter.php(933): App\Controllers\Compte->afficher_reservations()
 6 SYSTEMPATH/CodeIgniter.php(509): CodeIgniter\CodeIgniter->runController()
 7 SYSTEMPATH/CodeIgniter.php(355): CodeIgniter\CodeIgniter->handleRequest()
 8 SYSTEMPATH/Boot.php(325): CodeIgniter\CodeIgniter->run()
 9 SYSTEMPATH/Boot.php(67): CodeIgniter\Boot::runCodeIgniter()
10 FCPATH/index.php(56): CodeIgniter\Boot::bootWeb()
INFO - 2025-11-25 13:09:34 --> Session: Class initialized using 'CodeIgniter\Session\Handlers\FileHandler' driver.
INFO - 2025-11-25 13:11:06 --> Session: Class initialized using 'CodeIgniter\Session\Handlers\FileHandler' driver.
INFO - 2025-11-25 13:11:06 --> Session: Class initialized using 'CodeIgniter\Session\Handlers\FileHandler' driver.
INFO - 2025-11-25 13:11:15 --> Session: Class initialized using 'CodeIgniter\Session\Handlers\FileHandler' driver.
INFO - 2025-11-25 13:11:16 --> Session: Class initialized using 'CodeIgniter\Session\Handlers\FileHandler' driver.
INFO - 2025-11-25 13:19:52 --> Session: Class initialized using 'CodeIgniter\Session\Handlers\FileHandler' driver.
INFO - 2025-11-25 13:21:00 --> Session: Class initialized using 'CodeIgniter\Session\Handlers\FileHandler' driver.
CRITICAL - 2025-11-25 13:25:39 --> ParseError: syntax error, unexpected token "}", expecting ";"
[Method: GET, Route: compte/afficher_profil]
in APPPATH/Controllers/Compte.php on line 185.
 1 SYSTEMPATH/Autoloader/Autoloader.php(296): CodeIgniter\Autoloader\Autoloader->includeFile()
 2 SYSTEMPATH/Autoloader/Autoloader.php(272): CodeIgniter\Autoloader\Autoloader->loadInNamespace()
 3 [internal function]: CodeIgniter\Autoloader\Autoloader->loadClass()
 4 SYSTEMPATH/CodeIgniter.php(887): class_exists()
 5 SYSTEMPATH/CodeIgniter.php(496): CodeIgniter\CodeIgniter->startController()
 6 SYSTEMPATH/CodeIgniter.php(355): CodeIgniter\CodeIgniter->handleRequest()
 7 SYSTEMPATH/Boot.php(325): CodeIgniter\CodeIgniter->run()
 8 SYSTEMPATH/Boot.php(67): CodeIgniter\Boot::runCodeIgniter()
 9 FCPATH/index.php(56): CodeIgniter\Boot::bootWeb()
INFO - 2025-11-25 13:35:22 --> Session: Class initialized using 'CodeIgniter\Session\Handlers\FileHandler' driver.
INFO - 2025-11-25 13:35:42 --> Session: Class initialized using 'CodeIgniter\Session\Handlers\FileHandler' driver.
INFO - 2025-11-25 13:36:16 --> Session: Class initialized using 'CodeIgniter\Session\Handlers\FileHandler' driver.
INFO - 2025-11-25 13:36:42 --> Session: Class initialized using 'CodeIgniter\Session\Handlers\FileHandler' driver.
INFO - 2025-11-25 13:36:45 --> Session: Class initialized using 'CodeIgniter\Session\Handlers\FileHandler' driver.
CRITICAL - 2025-11-25 13:43:34 --> ParseError: syntax error, unexpected token "public"
[Method: GET, Route: compte/afficher_profil]
in APPPATH/Controllers/Compte.php on line 190.
 1 SYSTEMPATH/Autoloader/Autoloader.php(296): CodeIgniter\Autoloader\Autoloader->includeFile()
 2 SYSTEMPATH/Autoloader/Autoloader.php(272): CodeIgniter\Autoloader\Autoloader->loadInNamespace()
 3 [internal function]: CodeIgniter\Autoloader\Autoloader->loadClass()
 4 SYSTEMPATH/CodeIgniter.php(887): class_exists()
 5 SYSTEMPATH/CodeIgniter.php(496): CodeIgniter\CodeIgniter->startController()
 6 SYSTEMPATH/CodeIgniter.php(355): CodeIgniter\CodeIgniter->handleRequest()
 7 SYSTEMPATH/Boot.php(325): CodeIgniter\CodeIgniter->run()
 8 SYSTEMPATH/Boot.php(67): CodeIgniter\Boot::runCodeIgniter()
 9 FCPATH/index.php(56): CodeIgniter\Boot::bootWeb()
CRITICAL - 2025-11-25 13:43:40 --> ParseError: syntax error, unexpected token "public"
[Method: GET, Route: compte/afficher_profil]
in APPPATH/Controllers/Compte.php on line 190.
 1 SYSTEMPATH/Autoloader/Autoloader.php(296): CodeIgniter\Autoloader\Autoloader->includeFile()
 2 SYSTEMPATH/Autoloader/Autoloader.php(272): CodeIgniter\Autoloader\Autoloader->loadInNamespace()
 3 [internal function]: CodeIgniter\Autoloader\Autoloader->loadClass()
 4 SYSTEMPATH/CodeIgniter.php(887): class_exists()
 5 SYSTEMPATH/CodeIgniter.php(496): CodeIgniter\CodeIgniter->startController()
 6 SYSTEMPATH/CodeIgniter.php(355): CodeIgniter\CodeIgniter->handleRequest()
 7 SYSTEMPATH/Boot.php(325): CodeIgniter\CodeIgniter->run()
 8 SYSTEMPATH/Boot.php(67): CodeIgniter\Boot::runCodeIgniter()
 9 FCPATH/index.php(56): CodeIgniter\Boot::bootWeb()
INFO - 2025-11-25 13:44:39 --> Session: Class initialized using 'CodeIgniter\Session\Handlers\FileHandler' driver.
INFO - 2025-11-25 13:44:45 --> Session: Class initialized using 'CodeIgniter\Session\Handlers\FileHandler' driver.
INFO - 2025-11-25 13:44:46 --> Session: Class initialized using 'CodeIgniter\Session\Handlers\FileHandler' driver.
INFO - 2025-11-25 13:44:53 --> Session: Class initialized using 'CodeIgniter\Session\Handlers\FileHandler' driver.
INFO - 2025-11-25 13:44:55 --> Session: Class initialized using 'CodeIgniter\Session\Handlers\FileHandler' driver.
INFO - 2025-11-25 13:44:58 --> Session: Class initialized using 'CodeIgniter\Session\Handlers\FileHandler' driver.
INFO - 2025-11-25 13:45:04 --> Session: Class initialized using 'CodeIgniter\Session\Handlers\FileHandler' driver.
INFO - 2025-11-25 13:46:39 --> Session: Class initialized using 'CodeIgniter\Session\Handlers\FileHandler' driver.
INFO - 2025-11-25 13:46:57 --> Session: Class initialized using 'CodeIgniter\Session\Handlers\FileHandler' driver.
INFO - 2025-11-25 13:47:02 --> Session: Class initialized using 'CodeIgniter\Session\Handlers\FileHandler' driver.
INFO - 2025-11-25 13:47:04 --> Session: Class initialized using 'CodeIgniter\Session\Handlers\FileHandler' driver.
INFO - 2025-11-25 13:47:17 --> Session: Class initialized using 'CodeIgniter\Session\Handlers\FileHandler' driver.
INFO - 2025-11-25 13:47:22 --> Session: Class initialized using 'CodeIgniter\Session\Handlers\FileHandler' driver.
INFO - 2025-11-25 13:48:31 --> Session: Class initialized using 'CodeIgniter\Session\Handlers\FileHandler' driver.
INFO - 2025-11-25 13:48:34 --> Session: Class initialized using 'CodeIgniter\Session\Handlers\FileHandler' driver.
INFO - 2025-11-25 13:48:36 --> Session: Class initialized using 'CodeIgniter\Session\Handlers\FileHandler' driver.
INFO - 2025-11-25 13:49:40 --> Session: Class initialized using 'CodeIgniter\Session\Handlers\FileHandler' driver.
INFO - 2025-11-25 13:49:50 --> Session: Class initialized using 'CodeIgniter\Session\Handlers\FileHandler' driver.
INFO - 2025-11-25 13:49:51 --> Session: Class initialized using 'CodeIgniter\Session\Handlers\FileHandler' driver.
INFO - 2025-11-25 13:49:55 --> Session: Class initialized using 'CodeIgniter\Session\Handlers\FileHandler' driver.
CRITICAL - 2025-11-25 13:49:55 --> Error: Call to undefined function form_open()
[Method: GET, Route: compte/afficher_reservations]
in APPPATH/Views/connexion/compte_connecter.php on line 3.
 1 SYSTEMPATH/View/View.php(234): include()
 2 SYSTEMPATH/View/View.php(237): CodeIgniter\View\View->CodeIgniter\View\{closure}()
 3 SYSTEMPATH/Common.php(1171): CodeIgniter\View\View->render()
 4 APPPATH/Controllers/Compte.php(152): view()
 5 SYSTEMPATH/CodeIgniter.php(933): App\Controllers\Compte->afficher_reservations()
 6 SYSTEMPATH/CodeIgniter.php(509): CodeIgniter\CodeIgniter->runController()
 7 SYSTEMPATH/CodeIgniter.php(355): CodeIgniter\CodeIgniter->handleRequest()
 8 SYSTEMPATH/Boot.php(325): CodeIgniter\CodeIgniter->run()
 9 SYSTEMPATH/Boot.php(67): CodeIgniter\Boot::runCodeIgniter()
10 FCPATH/index.php(56): CodeIgniter\Boot::bootWeb()
INFO - 2025-11-25 13:49:57 --> Session: Class initialized using 'CodeIgniter\Session\Handlers\FileHandler' driver.
CRITICAL - 2025-11-25 13:49:57 --> Error: Call to undefined function form_open()
[Method: GET, Route: compte/afficher_reservations]
in APPPATH/Views/connexion/compte_connecter.php on line 3.
 1 SYSTEMPATH/View/View.php(234): include()
 2 SYSTEMPATH/View/View.php(237): CodeIgniter\View\View->CodeIgniter\View\{closure}()
 3 SYSTEMPATH/Common.php(1171): CodeIgniter\View\View->render()
 4 APPPATH/Controllers/Compte.php(152): view()
 5 SYSTEMPATH/CodeIgniter.php(933): App\Controllers\Compte->afficher_reservations()
 6 SYSTEMPATH/CodeIgniter.php(509): CodeIgniter\CodeIgniter->runController()
 7 SYSTEMPATH/CodeIgniter.php(355): CodeIgniter\CodeIgniter->handleRequest()
 8 SYSTEMPATH/Boot.php(325): CodeIgniter\CodeIgniter->run()
 9 SYSTEMPATH/Boot.php(67): CodeIgniter\Boot::runCodeIgniter()
10 FCPATH/index.php(56): CodeIgniter\Boot::bootWeb()
INFO - 2025-11-25 13:50:01 --> Session: Class initialized using 'CodeIgniter\Session\Handlers\FileHandler' driver.
CRITICAL - 2025-11-25 13:50:01 --> Error: Call to undefined function form_open()
[Method: GET, Route: compte/afficher_reservations]
in APPPATH/Views/connexion/compte_connecter.php on line 3.
 1 SYSTEMPATH/View/View.php(234): include()
 2 SYSTEMPATH/View/View.php(237): CodeIgniter\View\View->CodeIgniter\View\{closure}()
 3 SYSTEMPATH/Common.php(1171): CodeIgniter\View\View->render()
 4 APPPATH/Controllers/Compte.php(152): view()
 5 SYSTEMPATH/CodeIgniter.php(933): App\Controllers\Compte->afficher_reservations()
 6 SYSTEMPATH/CodeIgniter.php(509): CodeIgniter\CodeIgniter->runController()
 7 SYSTEMPATH/CodeIgniter.php(355): CodeIgniter\CodeIgniter->handleRequest()
 8 SYSTEMPATH/Boot.php(325): CodeIgniter\CodeIgniter->run()
 9 SYSTEMPATH/Boot.php(67): CodeIgniter\Boot::runCodeIgniter()
10 FCPATH/index.php(56): CodeIgniter\Boot::bootWeb()
INFO - 2025-11-25 13:50:06 --> Session: Class initialized using 'CodeIgniter\Session\Handlers\FileHandler' driver.
INFO - 2025-11-25 13:50:12 --> Session: Class initialized using 'CodeIgniter\Session\Handlers\FileHandler' driver.
CRITICAL - 2025-11-25 13:50:12 --> Error: Call to undefined function form_open()
[Method: GET, Route: compte/afficher_reservations]
in APPPATH/Views/connexion/compte_connecter.php on line 3.
 1 SYSTEMPATH/View/View.php(234): include()
 2 SYSTEMPATH/View/View.php(237): CodeIgniter\View\View->CodeIgniter\View\{closure}()
 3 SYSTEMPATH/Common.php(1171): CodeIgniter\View\View->render()
 4 APPPATH/Controllers/Compte.php(152): view()
 5 SYSTEMPATH/CodeIgniter.php(933): App\Controllers\Compte->afficher_reservations()
 6 SYSTEMPATH/CodeIgniter.php(509): CodeIgniter\CodeIgniter->runController()
 7 SYSTEMPATH/CodeIgniter.php(355): CodeIgniter\CodeIgniter->handleRequest()
 8 SYSTEMPATH/Boot.php(325): CodeIgniter\CodeIgniter->run()
 9 SYSTEMPATH/Boot.php(67): CodeIgniter\Boot::runCodeIgniter()
10 FCPATH/index.php(56): CodeIgniter\Boot::bootWeb()
INFO - 2025-11-25 13:50:14 --> Session: Class initialized using 'CodeIgniter\Session\Handlers\FileHandler' driver.
INFO - 2025-11-25 13:50:41 --> Session: Class initialized using 'CodeIgniter\Session\Handlers\FileHandler' driver.
INFO - 2025-11-25 13:52:35 --> Session: Class initialized using 'CodeIgniter\Session\Handlers\FileHandler' driver.
INFO - 2025-11-25 13:52:50 --> Session: Class initialized using 'CodeIgniter\Session\Handlers\FileHandler' driver.
INFO - 2025-11-25 13:52:51 --> Session: Class initialized using 'CodeIgniter\Session\Handlers\FileHandler' driver.
INFO - 2025-11-25 13:52:57 --> Session: Class initialized using 'CodeIgniter\Session\Handlers\FileHandler' driver.
INFO - 2025-11-25 13:53:00 --> Session: Class initialized using 'CodeIgniter\Session\Handlers\FileHandler' driver.
INFO - 2025-11-25 13:53:27 --> Session: Class initialized using 'CodeIgniter\Session\Handlers\FileHandler' driver.
INFO - 2025-11-25 13:53:30 --> Session: Class initialized using 'CodeIgniter\Session\Handlers\FileHandler' driver.
CRITICAL - 2025-11-25 13:53:30 --> Error: Call to undefined function form_open()
[Method: GET, Route: compte/afficher_reservations]
in APPPATH/Views/connexion/compte_connecter.php on line 3.
 1 SYSTEMPATH/View/View.php(234): include()
 2 SYSTEMPATH/View/View.php(237): CodeIgniter\View\View->CodeIgniter\View\{closure}()
 3 SYSTEMPATH/Common.php(1171): CodeIgniter\View\View->render()
 4 APPPATH/Controllers/Compte.php(152): view()
 5 SYSTEMPATH/CodeIgniter.php(933): App\Controllers\Compte->afficher_reservations()
 6 SYSTEMPATH/CodeIgniter.php(509): CodeIgniter\CodeIgniter->runController()
 7 SYSTEMPATH/CodeIgniter.php(355): CodeIgniter\CodeIgniter->handleRequest()
 8 SYSTEMPATH/Boot.php(325): CodeIgniter\CodeIgniter->run()
 9 SYSTEMPATH/Boot.php(67): CodeIgniter\Boot::runCodeIgniter()
10 FCPATH/index.php(56): CodeIgniter\Boot::bootWeb()
INFO - 2025-11-25 13:53:33 --> Session: Class initialized using 'CodeIgniter\Session\Handlers\FileHandler' driver.
CRITICAL - 2025-11-25 13:53:33 --> Error: Call to undefined function form_open()
[Method: GET, Route: compte/afficher_reservations]
in APPPATH/Views/connexion/compte_connecter.php on line 3.
 1 SYSTEMPATH/View/View.php(234): include()
 2 SYSTEMPATH/View/View.php(237): CodeIgniter\View\View->CodeIgniter\View\{closure}()
 3 SYSTEMPATH/Common.php(1171): CodeIgniter\View\View->render()
 4 APPPATH/Controllers/Compte.php(152): view()
 5 SYSTEMPATH/CodeIgniter.php(933): App\Controllers\Compte->afficher_reservations()
 6 SYSTEMPATH/CodeIgniter.php(509): CodeIgniter\CodeIgniter->runController()
 7 SYSTEMPATH/CodeIgniter.php(355): CodeIgniter\CodeIgniter->handleRequest()
 8 SYSTEMPATH/Boot.php(325): CodeIgniter\CodeIgniter->run()
 9 SYSTEMPATH/Boot.php(67): CodeIgniter\Boot::runCodeIgniter()
10 FCPATH/index.php(56): CodeIgniter\Boot::bootWeb()
INFO - 2025-11-25 13:53:34 --> Session: Class initialized using 'CodeIgniter\Session\Handlers\FileHandler' driver.
CRITICAL - 2025-11-25 13:53:34 --> Error: Call to undefined function form_open()
[Method: GET, Route: compte/afficher_reservations]
in APPPATH/Views/connexion/compte_connecter.php on line 3.
 1 SYSTEMPATH/View/View.php(234): include()
 2 SYSTEMPATH/View/View.php(237): CodeIgniter\View\View->CodeIgniter\View\{closure}()
 3 SYSTEMPATH/Common.php(1171): CodeIgniter\View\View->render()
 4 APPPATH/Controllers/Compte.php(152): view()
 5 SYSTEMPATH/CodeIgniter.php(933): App\Controllers\Compte->afficher_reservations()
 6 SYSTEMPATH/CodeIgniter.php(509): CodeIgniter\CodeIgniter->runController()
 7 SYSTEMPATH/CodeIgniter.php(355): CodeIgniter\CodeIgniter->handleRequest()
 8 SYSTEMPATH/Boot.php(325): CodeIgniter\CodeIgniter->run()
 9 SYSTEMPATH/Boot.php(67): CodeIgniter\Boot::runCodeIgniter()
10 FCPATH/index.php(56): CodeIgniter\Boot::bootWeb()
INFO - 2025-11-25 13:54:06 --> Session: Class initialized using 'CodeIgniter\Session\Handlers\FileHandler' driver.
INFO - 2025-11-25 13:54:09 --> Session: Class initialized using 'CodeIgniter\Session\Handlers\FileHandler' driver.
INFO - 2025-11-25 13:54:15 --> Session: Class initialized using 'CodeIgniter\Session\Handlers\FileHandler' driver.
INFO - 2025-11-25 13:54:56 --> Session: Class initialized using 'CodeIgniter\Session\Handlers\FileHandler' driver.
INFO - 2025-11-25 13:54:56 --> Session: Class initialized using 'CodeIgniter\Session\Handlers\FileHandler' driver.
INFO - 2025-11-25 13:55:00 --> Session: Class initialized using 'CodeIgniter\Session\Handlers\FileHandler' driver.
CRITICAL - 2025-11-25 13:55:00 --> ErrorException: Attempt to read property "cpt_role" on null
[Method: GET, Route: compte/afficher_profil]
in APPPATH/Views/connexion/compte_profil.php on line 11.
 1 APPPATH/Views/connexion/compte_profil.php(11): CodeIgniter\Debug\Exceptions->errorHandler()
 2 SYSTEMPATH/View/View.php(234): include('/home/2025DIFAL3/e21909825/public_html/V1/ci/app/Views/connexion/compte_profil.php')
 3 SYSTEMPATH/View/View.php(237): CodeIgniter\View\View->CodeIgniter\View\{closure}()
 4 SYSTEMPATH/Common.php(1171): CodeIgniter\View\View->render()
 5 APPPATH/Controllers/Compte.php(185): view()
 6 SYSTEMPATH/CodeIgniter.php(933): App\Controllers\Compte->afficher_profil()
 7 SYSTEMPATH/CodeIgniter.php(509): CodeIgniter\CodeIgniter->runController()
 8 SYSTEMPATH/CodeIgniter.php(355): CodeIgniter\CodeIgniter->handleRequest()
 9 SYSTEMPATH/Boot.php(325): CodeIgniter\CodeIgniter->run()
10 SYSTEMPATH/Boot.php(67): CodeIgniter\Boot::runCodeIgniter()
11 FCPATH/index.php(56): CodeIgniter\Boot::bootWeb()
INFO - 2025-11-25 14:00:27 --> Session: Class initialized using 'CodeIgniter\Session\Handlers\FileHandler' driver.
INFO - 2025-11-25 14:00:30 --> Session: Class initialized using 'CodeIgniter\Session\Handlers\FileHandler' driver.
INFO - 2025-11-25 14:00:32 --> Session: Class initialized using 'CodeIgniter\Session\Handlers\FileHandler' driver.
INFO - 2025-11-25 14:01:19 --> Session: Class initialized using 'CodeIgniter\Session\Handlers\FileHandler' driver.
INFO - 2025-11-25 14:01:19 --> Session: Class initialized using 'CodeIgniter\Session\Handlers\FileHandler' driver.
INFO - 2025-11-25 14:01:21 --> Session: Class initialized using 'CodeIgniter\Session\Handlers\FileHandler' driver.
INFO - 2025-11-25 14:01:23 --> Session: Class initialized using 'CodeIgniter\Session\Handlers\FileHandler' driver.
INFO - 2025-11-25 14:01:35 --> Session: Class initialized using 'CodeIgniter\Session\Handlers\FileHandler' driver.
INFO - 2025-11-25 14:01:47 --> Session: Class initialized using 'CodeIgniter\Session\Handlers\FileHandler' driver.
INFO - 2025-11-25 14:01:47 --> Session: Class initialized using 'CodeIgniter\Session\Handlers\FileHandler' driver.
INFO - 2025-11-25 14:01:51 --> Session: Class initialized using 'CodeIgniter\Session\Handlers\FileHandler' driver.
CRITICAL - 2025-11-25 14:01:51 --> ErrorException: Undefined variable $statut
[Method: GET, Route: compte/afficher_profil]
in APPPATH/Views/connexion/compte_profil.php on line 11.
 1 APPPATH/Views/connexion/compte_profil.php(11): CodeIgniter\Debug\Exceptions->errorHandler()
 2 SYSTEMPATH/View/View.php(234): include('/home/2025DIFAL3/e21909825/public_html/V1/ci/app/Views/connexion/compte_profil.php')
 3 SYSTEMPATH/View/View.php(237): CodeIgniter\View\View->CodeIgniter\View\{closure}()
 4 SYSTEMPATH/Common.php(1171): CodeIgniter\View\View->render()
 5 APPPATH/Controllers/Compte.php(185): view()
 6 SYSTEMPATH/CodeIgniter.php(933): App\Controllers\Compte->afficher_profil()
 7 SYSTEMPATH/CodeIgniter.php(509): CodeIgniter\CodeIgniter->runController()
 8 SYSTEMPATH/CodeIgniter.php(355): CodeIgniter\CodeIgniter->handleRequest()
 9 SYSTEMPATH/Boot.php(325): CodeIgniter\CodeIgniter->run()
10 SYSTEMPATH/Boot.php(67): CodeIgniter\Boot::runCodeIgniter()
11 FCPATH/index.php(56): CodeIgniter\Boot::bootWeb()
INFO - 2025-11-25 14:02:58 --> Session: Class initialized using 'CodeIgniter\Session\Handlers\FileHandler' driver.
INFO - 2025-11-25 14:03:02 --> Session: Class initialized using 'CodeIgniter\Session\Handlers\FileHandler' driver.
INFO - 2025-11-25 14:03:04 --> Session: Class initialized using 'CodeIgniter\Session\Handlers\FileHandler' driver.
INFO - 2025-11-25 14:04:08 --> Session: Class initialized using 'CodeIgniter\Session\Handlers\FileHandler' driver.
INFO - 2025-11-25 14:04:09 --> Session: Class initialized using 'CodeIgniter\Session\Handlers\FileHandler' driver.
INFO - 2025-11-25 14:04:18 --> Session: Class initialized using 'CodeIgniter\Session\Handlers\FileHandler' driver.
INFO - 2025-11-25 14:04:20 --> Session: Class initialized using 'CodeIgniter\Session\Handlers\FileHandler' driver.
INFO - 2025-11-25 14:04:38 --> Session: Class initialized using 'CodeIgniter\Session\Handlers\FileHandler' driver.
INFO - 2025-11-25 14:04:57 --> Session: Class initialized using 'CodeIgniter\Session\Handlers\FileHandler' driver.
INFO - 2025-11-25 14:04:57 --> Session: Class initialized using 'CodeIgniter\Session\Handlers\FileHandler' driver.
INFO - 2025-11-25 14:05:00 --> Session: Class initialized using 'CodeIgniter\Session\Handlers\FileHandler' driver.
CRITICAL - 2025-11-25 14:05:00 --> ErrorException: Undefined variable $statut
[Method: GET, Route: compte/afficher_profil]
in APPPATH/Views/connexion/compte_profil.php on line 11.
 1 APPPATH/Views/connexion/compte_profil.php(11): CodeIgniter\Debug\Exceptions->errorHandler()
 2 SYSTEMPATH/View/View.php(234): include('/home/2025DIFAL3/e21909825/public_html/V1/ci/app/Views/connexion/compte_profil.php')
 3 SYSTEMPATH/View/View.php(237): CodeIgniter\View\View->CodeIgniter\View\{closure}()
 4 SYSTEMPATH/Common.php(1171): CodeIgniter\View\View->render()
 5 APPPATH/Controllers/Compte.php(185): view()
 6 SYSTEMPATH/CodeIgniter.php(933): App\Controllers\Compte->afficher_profil()
 7 SYSTEMPATH/CodeIgniter.php(509): CodeIgniter\CodeIgniter->runController()
 8 SYSTEMPATH/CodeIgniter.php(355): CodeIgniter\CodeIgniter->handleRequest()
 9 SYSTEMPATH/Boot.php(325): CodeIgniter\CodeIgniter->run()
10 SYSTEMPATH/Boot.php(67): CodeIgniter\Boot::runCodeIgniter()
11 FCPATH/index.php(56): CodeIgniter\Boot::bootWeb()
INFO - 2025-11-25 14:09:20 --> Session: Class initialized using 'CodeIgniter\Session\Handlers\FileHandler' driver.
CRITICAL - 2025-11-25 14:09:20 --> ErrorException: Undefined variable $statut
[Method: GET, Route: compte/afficher_profil]
in APPPATH/Views/connexion/compte_profil.php on line 11.
 1 APPPATH/Views/connexion/compte_profil.php(11): CodeIgniter\Debug\Exceptions->errorHandler()
 2 SYSTEMPATH/View/View.php(234): include('/home/2025DIFAL3/e21909825/public_html/V1/ci/app/Views/connexion/compte_profil.php')
 3 SYSTEMPATH/View/View.php(237): CodeIgniter\View\View->CodeIgniter\View\{closure}()
 4 SYSTEMPATH/Common.php(1171): CodeIgniter\View\View->render()
 5 APPPATH/Controllers/Compte.php(185): view()
 6 SYSTEMPATH/CodeIgniter.php(933): App\Controllers\Compte->afficher_profil()
 7 SYSTEMPATH/CodeIgniter.php(509): CodeIgniter\CodeIgniter->runController()
 8 SYSTEMPATH/CodeIgniter.php(355): CodeIgniter\CodeIgniter->handleRequest()
 9 SYSTEMPATH/Boot.php(325): CodeIgniter\CodeIgniter->run()
10 SYSTEMPATH/Boot.php(67): CodeIgniter\Boot::runCodeIgniter()
11 FCPATH/index.php(56): CodeIgniter\Boot::bootWeb()
INFO - 2025-11-25 14:09:35 --> Session: Class initialized using 'CodeIgniter\Session\Handlers\FileHandler' driver.
INFO - 2025-11-25 14:09:42 --> Session: Class initialized using 'CodeIgniter\Session\Handlers\FileHandler' driver.
INFO - 2025-11-25 14:09:44 --> Session: Class initialized using 'CodeIgniter\Session\Handlers\FileHandler' driver.
INFO - 2025-11-25 14:09:46 --> Session: Class initialized using 'CodeIgniter\Session\Handlers\FileHandler' driver.
INFO - 2025-11-25 14:18:10 --> Session: Class initialized using 'CodeIgniter\Session\Handlers\FileHandler' driver.
INFO - 2025-11-25 14:18:10 --> Session: Class initialized using 'CodeIgniter\Session\Handlers\FileHandler' driver.
INFO - 2025-11-25 14:18:32 --> Session: Class initialized using 'CodeIgniter\Session\Handlers\FileHandler' driver.
INFO - 2025-11-25 14:21:16 --> Session: Class initialized using 'CodeIgniter\Session\Handlers\FileHandler' driver.
INFO - 2025-11-25 14:21:19 --> Session: Class initialized using 'CodeIgniter\Session\Handlers\FileHandler' driver.
INFO - 2025-11-25 14:21:21 --> Session: Class initialized using 'CodeIgniter\Session\Handlers\FileHandler' driver.
INFO - 2025-11-25 14:21:51 --> Session: Class initialized using 'CodeIgniter\Session\Handlers\FileHandler' driver.
INFO - 2025-11-25 14:22:07 --> Session: Class initialized using 'CodeIgniter\Session\Handlers\FileHandler' driver.
INFO - 2025-11-25 14:22:07 --> Session: Class initialized using 'CodeIgniter\Session\Handlers\FileHandler' driver.
INFO - 2025-11-25 14:22:17 --> Session: Class initialized using 'CodeIgniter\Session\Handlers\FileHandler' driver.
INFO - 2025-11-25 14:22:22 --> Session: Class initialized using 'CodeIgniter\Session\Handlers\FileHandler' driver.
INFO - 2025-11-25 14:22:26 --> Session: Class initialized using 'CodeIgniter\Session\Handlers\FileHandler' driver.
INFO - 2025-11-25 14:22:35 --> Session: Class initialized using 'CodeIgniter\Session\Handlers\FileHandler' driver.
INFO - 2025-11-25 14:22:41 --> Session: Class initialized using 'CodeIgniter\Session\Handlers\FileHandler' driver.
INFO - 2025-11-25 14:24:18 --> Session: Class initialized using 'CodeIgniter\Session\Handlers\FileHandler' driver.
INFO - 2025-11-25 14:24:48 --> Session: Class initialized using 'CodeIgniter\Session\Handlers\FileHandler' driver.
INFO - 2025-11-25 14:24:48 --> Session: Class initialized using 'CodeIgniter\Session\Handlers\FileHandler' driver.
INFO - 2025-11-25 14:26:54 --> Session: Class initialized using 'CodeIgniter\Session\Handlers\FileHandler' driver.
INFO - 2025-11-25 14:26:57 --> Session: Class initialized using 'CodeIgniter\Session\Handlers\FileHandler' driver.
INFO - 2025-11-25 14:27:00 --> Session: Class initialized using 'CodeIgniter\Session\Handlers\FileHandler' driver.
INFO - 2025-11-25 14:27:04 --> Session: Class initialized using 'CodeIgniter\Session\Handlers\FileHandler' driver.
INFO - 2025-11-25 14:28:03 --> Session: Class initialized using 'CodeIgniter\Session\Handlers\FileHandler' driver.
INFO - 2025-11-25 14:28:03 --> Session: Class initialized using 'CodeIgniter\Session\Handlers\FileHandler' driver.
INFO - 2025-11-25 14:28:11 --> Session: Class initialized using 'CodeIgniter\Session\Handlers\FileHandler' driver.
INFO - 2025-11-25 14:28:16 --> Session: Class initialized using 'CodeIgniter\Session\Handlers\FileHandler' driver.
INFO - 2025-11-25 14:28:18 --> Session: Class initialized using 'CodeIgniter\Session\Handlers\FileHandler' driver.
INFO - 2025-11-25 14:28:21 --> Session: Class initialized using 'CodeIgniter\Session\Handlers\FileHandler' driver.
INFO - 2025-11-25 14:28:22 --> Session: Class initialized using 'CodeIgniter\Session\Handlers\FileHandler' driver.
INFO - 2025-11-25 14:28:23 --> Session: Class initialized using 'CodeIgniter\Session\Handlers\FileHandler' driver.
INFO - 2025-11-25 14:28:23 --> Session: Class initialized using 'CodeIgniter\Session\Handlers\FileHandler' driver.
INFO - 2025-11-25 14:28:25 --> Session: Class initialized using 'CodeIgniter\Session\Handlers\FileHandler' driver.
INFO - 2025-11-25 14:28:26 --> Session: Class initialized using 'CodeIgniter\Session\Handlers\FileHandler' driver.
INFO - 2025-11-25 14:28:26 --> Session: Class initialized using 'CodeIgniter\Session\Handlers\FileHandler' driver.
INFO - 2025-11-25 14:28:28 --> Session: Class initialized using 'CodeIgniter\Session\Handlers\FileHandler' driver.
INFO - 2025-11-25 14:28:29 --> Session: Class initialized using 'CodeIgniter\Session\Handlers\FileHandler' driver.
INFO - 2025-11-25 14:28:31 --> Session: Class initialized using 'CodeIgniter\Session\Handlers\FileHandler' driver.
INFO - 2025-11-25 14:28:33 --> Session: Class initialized using 'CodeIgniter\Session\Handlers\FileHandler' driver.
INFO - 2025-11-25 14:30:25 --> Session: Class initialized using 'CodeIgniter\Session\Handlers\FileHandler' driver.
INFO - 2025-11-25 14:30:26 --> Session: Class initialized using 'CodeIgniter\Session\Handlers\FileHandler' driver.
INFO - 2025-11-25 14:42:08 --> Session: Class initialized using 'CodeIgniter\Session\Handlers\FileHandler' driver.
INFO - 2025-11-25 14:42:08 --> Session: Class initialized using 'CodeIgniter\Session\Handlers\FileHandler' driver.
INFO - 2025-11-25 14:42:29 --> Session: Class initialized using 'CodeIgniter\Session\Handlers\FileHandler' driver.
INFO - 2025-11-25 14:42:29 --> Session: Class initialized using 'CodeIgniter\Session\Handlers\FileHandler' driver.
INFO - 2025-11-25 14:42:31 --> Session: Class initialized using 'CodeIgniter\Session\Handlers\FileHandler' driver.
INFO - 2025-11-25 14:42:43 --> Session: Class initialized using 'CodeIgniter\Session\Handlers\FileHandler' driver.
INFO - 2025-11-25 14:42:45 --> Session: Class initialized using 'CodeIgniter\Session\Handlers\FileHandler' driver.
INFO - 2025-11-25 14:42:47 --> Session: Class initialized using 'CodeIgniter\Session\Handlers\FileHandler' driver.
INFO - 2025-11-25 14:42:52 --> Session: Class initialized using 'CodeIgniter\Session\Handlers\FileHandler' driver.
INFO - 2025-11-25 14:43:15 --> Session: Class initialized using 'CodeIgniter\Session\Handlers\FileHandler' driver.
INFO - 2025-11-25 14:43:15 --> Session: Class initialized using 'CodeIgniter\Session\Handlers\FileHandler' driver.
INFO - 2025-11-25 14:43:20 --> Session: Class initialized using 'CodeIgniter\Session\Handlers\FileHandler' driver.
INFO - 2025-11-25 14:43:24 --> Session: Class initialized using 'CodeIgniter\Session\Handlers\FileHandler' driver.
INFO - 2025-11-25 14:43:25 --> Session: Class initialized using 'CodeIgniter\Session\Handlers\FileHandler' driver.
INFO - 2025-11-25 14:44:48 --> Session: Class initialized using 'CodeIgniter\Session\Handlers\FileHandler' driver.
INFO - 2025-11-25 14:45:54 --> Session: Class initialized using 'CodeIgniter\Session\Handlers\FileHandler' driver.
INFO - 2025-11-25 14:46:08 --> Session: Class initialized using 'CodeIgniter\Session\Handlers\FileHandler' driver.
INFO - 2025-11-25 14:46:10 --> Session: Class initialized using 'CodeIgniter\Session\Handlers\FileHandler' driver.
INFO - 2025-11-25 14:46:28 --> Session: Class initialized using 'CodeIgniter\Session\Handlers\FileHandler' driver.
INFO - 2025-11-25 14:46:28 --> Session: Class initialized using 'CodeIgniter\Session\Handlers\FileHandler' driver.
CRITICAL - 2025-11-25 14:46:32 --> ParseError: syntax error, unexpected token "<"
[Method: GET, Route: compte/adherent]
in APPPATH/Views/afficher_adherent.php on line 5.
 1 SYSTEMPATH/View/View.php(237): CodeIgniter\View\View->CodeIgniter\View\{closure}()
 2 SYSTEMPATH/Common.php(1171): CodeIgniter\View\View->render()
 3 APPPATH/Controllers/Compte.php(197): view()
 4 SYSTEMPATH/CodeIgniter.php(933): App\Controllers\Compte->adherent()
 5 SYSTEMPATH/CodeIgniter.php(509): CodeIgniter\CodeIgniter->runController()
 6 SYSTEMPATH/CodeIgniter.php(355): CodeIgniter\CodeIgniter->handleRequest()
 7 SYSTEMPATH/Boot.php(325): CodeIgniter\CodeIgniter->run()
 8 SYSTEMPATH/Boot.php(67): CodeIgniter\Boot::runCodeIgniter()
 9 FCPATH/index.php(56): CodeIgniter\Boot::bootWeb()
INFO - 2025-11-25 14:46:50 --> Session: Class initialized using 'CodeIgniter\Session\Handlers\FileHandler' driver.
CRITICAL - 2025-11-25 14:46:52 --> ParseError: syntax error, unexpected token "<", expecting end of file
[Method: GET, Route: compte/adherent]
in APPPATH/Views/afficher_adherent.php on line 6.
 1 SYSTEMPATH/View/View.php(237): CodeIgniter\View\View->CodeIgniter\View\{closure}()
 2 SYSTEMPATH/Common.php(1171): CodeIgniter\View\View->render()
 3 APPPATH/Controllers/Compte.php(197): view()
 4 SYSTEMPATH/CodeIgniter.php(933): App\Controllers\Compte->adherent()
 5 SYSTEMPATH/CodeIgniter.php(509): CodeIgniter\CodeIgniter->runController()
 6 SYSTEMPATH/CodeIgniter.php(355): CodeIgniter\CodeIgniter->handleRequest()
 7 SYSTEMPATH/Boot.php(325): CodeIgniter\CodeIgniter->run()
 8 SYSTEMPATH/Boot.php(67): CodeIgniter\Boot::runCodeIgniter()
 9 FCPATH/index.php(56): CodeIgniter\Boot::bootWeb()
INFO - 2025-11-25 14:47:13 --> Session: Class initialized using 'CodeIgniter\Session\Handlers\FileHandler' driver.
CRITICAL - 2025-11-25 14:47:18 --> ErrorException: Undefined variable $titre
[Method: GET, Route: compte/adherent]
in APPPATH/Views/afficher_adherent.php on line 5.
 1 APPPATH/Views/afficher_adherent.php(5): CodeIgniter\Debug\Exceptions->errorHandler()
 2 SYSTEMPATH/View/View.php(234): include('/home/2025DIFAL3/e21909825/public_html/V1/ci/app/Views/afficher_adherent.php')
 3 SYSTEMPATH/View/View.php(237): CodeIgniter\View\View->CodeIgniter\View\{closure}()
 4 SYSTEMPATH/Common.php(1171): CodeIgniter\View\View->render()
 5 APPPATH/Controllers/Compte.php(197): view()
 6 SYSTEMPATH/CodeIgniter.php(933): App\Controllers\Compte->adherent()
 7 SYSTEMPATH/CodeIgniter.php(509): CodeIgniter\CodeIgniter->runController()
 8 SYSTEMPATH/CodeIgniter.php(355): CodeIgniter\CodeIgniter->handleRequest()
 9 SYSTEMPATH/Boot.php(325): CodeIgniter\CodeIgniter->run()
10 SYSTEMPATH/Boot.php(67): CodeIgniter\Boot::runCodeIgniter()
11 FCPATH/index.php(56): CodeIgniter\Boot::bootWeb()
CRITICAL - 2025-11-25 14:47:54 --> ErrorException: Undefined variable $titre
[Method: GET, Route: compte/adherent]
in APPPATH/Views/afficher_adherent.php on line 5.
 1 APPPATH/Views/afficher_adherent.php(5): CodeIgniter\Debug\Exceptions->errorHandler()
 2 SYSTEMPATH/View/View.php(234): include('/home/2025DIFAL3/e21909825/public_html/V1/ci/app/Views/afficher_adherent.php')
 3 SYSTEMPATH/View/View.php(237): CodeIgniter\View\View->CodeIgniter\View\{closure}()
 4 SYSTEMPATH/Common.php(1171): CodeIgniter\View\View->render()
 5 APPPATH/Controllers/Compte.php(197): view()
 6 SYSTEMPATH/CodeIgniter.php(933): App\Controllers\Compte->adherent()
 7 SYSTEMPATH/CodeIgniter.php(509): CodeIgniter\CodeIgniter->runController()
 8 SYSTEMPATH/CodeIgniter.php(355): CodeIgniter\CodeIgniter->handleRequest()
 9 SYSTEMPATH/Boot.php(325): CodeIgniter\CodeIgniter->run()
10 SYSTEMPATH/Boot.php(67): CodeIgniter\Boot::runCodeIgniter()
11 FCPATH/index.php(56): CodeIgniter\Boot::bootWeb()
INFO - 2025-11-25 14:48:08 --> Session: Class initialized using 'CodeIgniter\Session\Handlers\FileHandler' driver.
INFO - 2025-11-25 14:52:28 --> Session: Class initialized using 'CodeIgniter\Session\Handlers\FileHandler' driver.
INFO - 2025-11-25 14:52:40 --> Session: Class initialized using 'CodeIgniter\Session\Handlers\FileHandler' driver.
INFO - 2025-11-25 14:52:47 --> Session: Class initialized using 'CodeIgniter\Session\Handlers\FileHandler' driver.
INFO - 2025-11-25 14:53:03 --> Session: Class initialized using 'CodeIgniter\Session\Handlers\FileHandler' driver.
INFO - 2025-11-25 14:53:15 --> Session: Class initialized using 'CodeIgniter\Session\Handlers\FileHandler' driver.
INFO - 2025-11-25 14:53:15 --> Session: Class initialized using 'CodeIgniter\Session\Handlers\FileHandler' driver.
INFO - 2025-11-25 14:53:18 --> Session: Class initialized using 'CodeIgniter\Session\Handlers\FileHandler' driver.
CRITICAL - 2025-11-25 14:55:03 --> ErrorException: Undefined array key "pfl_adresse"
[Method: GET, Route: compte/adherent]
in APPPATH/Views/afficher_adherent.php on line 29.
 1 APPPATH/Views/afficher_adherent.php(29): CodeIgniter\Debug\Exceptions->errorHandler()
 2 SYSTEMPATH/View/View.php(234): include('/home/2025DIFAL3/e21909825/public_html/V1/ci/app/Views/afficher_adherent.php')
 3 SYSTEMPATH/View/View.php(237): CodeIgniter\View\View->CodeIgniter\View\{closure}()
 4 SYSTEMPATH/Common.php(1171): CodeIgniter\View\View->render()
 5 APPPATH/Controllers/Compte.php(197): view()
 6 SYSTEMPATH/CodeIgniter.php(933): App\Controllers\Compte->adherent()
 7 SYSTEMPATH/CodeIgniter.php(509): CodeIgniter\CodeIgniter->runController()
 8 SYSTEMPATH/CodeIgniter.php(355): CodeIgniter\CodeIgniter->handleRequest()
 9 SYSTEMPATH/Boot.php(325): CodeIgniter\CodeIgniter->run()
10 SYSTEMPATH/Boot.php(67): CodeIgniter\Boot::runCodeIgniter()
11 FCPATH/index.php(56): CodeIgniter\Boot::bootWeb()
INFO - 2025-11-25 14:55:03 --> Session: Class initialized using 'CodeIgniter\Session\Handlers\FileHandler' driver.
CRITICAL - 2025-11-25 14:55:21 --> ErrorException: Undefined array key "pfl_adresse"
[Method: GET, Route: compte/adherent]
in APPPATH/Views/afficher_adherent.php on line 29.
 1 APPPATH/Views/afficher_adherent.php(29): CodeIgniter\Debug\Exceptions->errorHandler()
 2 SYSTEMPATH/View/View.php(234): include('/home/2025DIFAL3/e21909825/public_html/V1/ci/app/Views/afficher_adherent.php')
 3 SYSTEMPATH/View/View.php(237): CodeIgniter\View\View->CodeIgniter\View\{closure}()
 4 SYSTEMPATH/Common.php(1171): CodeIgniter\View\View->render()
 5 APPPATH/Controllers/Compte.php(197): view()
 6 SYSTEMPATH/CodeIgniter.php(933): App\Controllers\Compte->adherent()
 7 SYSTEMPATH/CodeIgniter.php(509): CodeIgniter\CodeIgniter->runController()
 8 SYSTEMPATH/CodeIgniter.php(355): CodeIgniter\CodeIgniter->handleRequest()
 9 SYSTEMPATH/Boot.php(325): CodeIgniter\CodeIgniter->run()
10 SYSTEMPATH/Boot.php(67): CodeIgniter\Boot::runCodeIgniter()
11 FCPATH/index.php(56): CodeIgniter\Boot::bootWeb()
INFO - 2025-11-25 14:57:21 --> Session: Class initialized using 'CodeIgniter\Session\Handlers\FileHandler' driver.
INFO - 2025-11-25 14:57:38 --> Session: Class initialized using 'CodeIgniter\Session\Handlers\FileHandler' driver.
INFO - 2025-11-25 15:01:43 --> Session: Class initialized using 'CodeIgniter\Session\Handlers\FileHandler' driver.
INFO - 2025-11-25 15:02:05 --> Session: Class initialized using 'CodeIgniter\Session\Handlers\FileHandler' driver.
INFO - 2025-11-25 15:02:05 --> Session: Class initialized using 'CodeIgniter\Session\Handlers\FileHandler' driver.
INFO - 2025-11-25 15:02:13 --> Session: Class initialized using 'CodeIgniter\Session\Handlers\FileHandler' driver.
INFO - 2025-11-25 15:02:25 --> Session: Class initialized using 'CodeIgniter\Session\Handlers\FileHandler' driver.
INFO - 2025-11-25 15:02:29 --> Session: Class initialized using 'CodeIgniter\Session\Handlers\FileHandler' driver.
INFO - 2025-11-25 15:02:37 --> Session: Class initialized using 'CodeIgniter\Session\Handlers\FileHandler' driver.
INFO - 2025-11-25 15:03:06 --> Session: Class initialized using 'CodeIgniter\Session\Handlers\FileHandler' driver.
INFO - 2025-11-25 19:58:49 --> Session: Class initialized using 'CodeIgniter\Session\Handlers\FileHandler' driver.
INFO - 2025-11-25 19:59:00 --> Session: Class initialized using 'CodeIgniter\Session\Handlers\FileHandler' driver.
INFO - 2025-11-25 19:59:08 --> Session: Class initialized using 'CodeIgniter\Session\Handlers\FileHandler' driver.
INFO - 2025-11-25 19:59:14 --> Session: Class initialized using 'CodeIgniter\Session\Handlers\FileHandler' driver.
INFO - 2025-11-25 19:59:17 --> Session: Class initialized using 'CodeIgniter\Session\Handlers\FileHandler' driver.
INFO - 2025-11-25 19:59:23 --> Session: Class initialized using 'CodeIgniter\Session\Handlers\FileHandler' driver.
INFO - 2025-11-25 19:59:39 --> Session: Class initialized using 'CodeIgniter\Session\Handlers\FileHandler' driver.
INFO - 2025-11-25 20:10:01 --> Session: Class initialized using 'CodeIgniter\Session\Handlers\FileHandler' driver.
INFO - 2025-11-25 20:10:03 --> Session: Class initialized using 'CodeIgniter\Session\Handlers\FileHandler' driver.
INFO - 2025-11-25 20:11:41 --> Session: Class initialized using 'CodeIgniter\Session\Handlers\FileHandler' driver.
INFO - 2025-11-25 20:11:41 --> Session: Class initialized using 'CodeIgniter\Session\Handlers\FileHandler' driver.
INFO - 2025-11-25 20:11:46 --> Session: Class initialized using 'CodeIgniter\Session\Handlers\FileHandler' driver.
INFO - 2025-11-25 20:13:59 --> Session: Class initialized using 'CodeIgniter\Session\Handlers\FileHandler' driver.
INFO - 2025-11-25 20:18:28 --> Session: Class initialized using 'CodeIgniter\Session\Handlers\FileHandler' driver.
INFO - 2025-11-25 20:20:07 --> Session: Class initialized using 'CodeIgniter\Session\Handlers\FileHandler' driver.
INFO - 2025-11-25 20:21:52 --> Session: Class initialized using 'CodeIgniter\Session\Handlers\FileHandler' driver.
INFO - 2025-11-25 21:41:58 --> Session: Class initialized using 'CodeIgniter\Session\Handlers\FileHandler' driver.
INFO - 2025-11-25 21:42:02 --> Session: Class initialized using 'CodeIgniter\Session\Handlers\FileHandler' driver.
INFO - 2025-11-25 21:42:06 --> Session: Class initialized using 'CodeIgniter\Session\Handlers\FileHandler' driver.
INFO - 2025-11-25 21:42:08 --> Session: Class initialized using 'CodeIgniter\Session\Handlers\FileHandler' driver.
INFO - 2025-11-25 21:42:10 --> Session: Class initialized using 'CodeIgniter\Session\Handlers\FileHandler' driver.
INFO - 2025-11-25 21:42:12 --> Session: Class initialized using 'CodeIgniter\Session\Handlers\FileHandler' driver.
INFO - 2025-11-25 21:42:14 --> Session: Class initialized using 'CodeIgniter\Session\Handlers\FileHandler' driver.
INFO - 2025-11-25 21:42:19 --> Session: Class initialized using 'CodeIgniter\Session\Handlers\FileHandler' driver.
INFO - 2025-11-25 21:42:20 --> Session: Class initialized using 'CodeIgniter\Session\Handlers\FileHandler' driver.
INFO - 2025-11-25 21:42:27 --> Session: Class initialized using 'CodeIgniter\Session\Handlers\FileHandler' driver.
INFO - 2025-11-25 21:42:29 --> Session: Class initialized using 'CodeIgniter\Session\Handlers\FileHandler' driver.
INFO - 2025-11-25 21:42:30 --> Session: Class initialized using 'CodeIgniter\Session\Handlers\FileHandler' driver.
INFO - 2025-11-25 21:43:46 --> Session: Class initialized using 'CodeIgniter\Session\Handlers\FileHandler' driver.
INFO - 2025-11-25 21:43:57 --> Session: Class initialized using 'CodeIgniter\Session\Handlers\FileHandler' driver.
INFO - 2025-11-25 21:44:02 --> Session: Class initialized using 'CodeIgniter\Session\Handlers\FileHandler' driver.
INFO - 2025-11-25 21:44:08 --> Session: Class initialized using 'CodeIgniter\Session\Handlers\FileHandler' driver.
INFO - 2025-11-25 21:44:12 --> Session: Class initialized using 'CodeIgniter\Session\Handlers\FileHandler' driver.
INFO - 2025-11-25 21:44:13 --> Session: Class initialized using 'CodeIgniter\Session\Handlers\FileHandler' driver.
INFO - 2025-11-25 21:44:39 --> Session: Class initialized using 'CodeIgniter\Session\Handlers\FileHandler' driver.
INFO - 2025-11-25 21:44:39 --> Session: Class initialized using 'CodeIgniter\Session\Handlers\FileHandler' driver.
INFO - 2025-11-25 21:44:58 --> Session: Class initialized using 'CodeIgniter\Session\Handlers\FileHandler' driver.
INFO - 2025-11-25 21:45:08 --> Session: Class initialized using 'CodeIgniter\Session\Handlers\FileHandler' driver.
INFO - 2025-11-25 21:46:08 --> Session: Class initialized using 'CodeIgniter\Session\Handlers\FileHandler' driver.
INFO - 2025-11-25 21:50:16 --> Session: Class initialized using 'CodeIgniter\Session\Handlers\FileHandler' driver.
CRITICAL - 2025-11-25 21:50:16 --> Error: Call to undefined function form_open()
[Method: GET, Route: reponse/repondre_question]
in APPPATH/Views/connexion/compte_connecter.php on line 3.
 1 SYSTEMPATH/View/View.php(234): include()
 2 SYSTEMPATH/View/View.php(237): CodeIgniter\View\View->CodeIgniter\View\{closure}()
 3 SYSTEMPATH/Common.php(1171): CodeIgniter\View\View->render()
 4 APPPATH/Controllers/Reponse.php(25): view()
 5 SYSTEMPATH/CodeIgniter.php(933): App\Controllers\Reponse->repondre_question()
 6 SYSTEMPATH/CodeIgniter.php(509): CodeIgniter\CodeIgniter->runController()
 7 SYSTEMPATH/CodeIgniter.php(355): CodeIgniter\CodeIgniter->handleRequest()
 8 SYSTEMPATH/Boot.php(325): CodeIgniter\CodeIgniter->run()
 9 SYSTEMPATH/Boot.php(67): CodeIgniter\Boot::runCodeIgniter()
10 FCPATH/index.php(56): CodeIgniter\Boot::bootWeb()
CRITICAL - 2025-11-25 21:53:05 --> ParseError: syntax error, unexpected token "else"
[Method: GET, Route: reponse/repondre_question]
in APPPATH/Controllers/Reponse.php on line 59.
 1 SYSTEMPATH/Autoloader/Autoloader.php(296): CodeIgniter\Autoloader\Autoloader->includeFile()
 2 SYSTEMPATH/Autoloader/Autoloader.php(272): CodeIgniter\Autoloader\Autoloader->loadInNamespace()
 3 [internal function]: CodeIgniter\Autoloader\Autoloader->loadClass()
 4 SYSTEMPATH/CodeIgniter.php(887): class_exists()
 5 SYSTEMPATH/CodeIgniter.php(496): CodeIgniter\CodeIgniter->startController()
 6 SYSTEMPATH/CodeIgniter.php(355): CodeIgniter\CodeIgniter->handleRequest()
 7 SYSTEMPATH/Boot.php(325): CodeIgniter\CodeIgniter->run()
 8 SYSTEMPATH/Boot.php(67): CodeIgniter\Boot::runCodeIgniter()
 9 FCPATH/index.php(56): CodeIgniter\Boot::bootWeb()
CRITICAL - 2025-11-25 21:53:06 --> ParseError: syntax error, unexpected token "else"
[Method: GET, Route: reponse/repondre_question]
in APPPATH/Controllers/Reponse.php on line 59.
 1 SYSTEMPATH/Autoloader/Autoloader.php(296): CodeIgniter\Autoloader\Autoloader->includeFile()
 2 SYSTEMPATH/Autoloader/Autoloader.php(272): CodeIgniter\Autoloader\Autoloader->loadInNamespace()
 3 [internal function]: CodeIgniter\Autoloader\Autoloader->loadClass()
 4 SYSTEMPATH/CodeIgniter.php(887): class_exists()
 5 SYSTEMPATH/CodeIgniter.php(496): CodeIgniter\CodeIgniter->startController()
 6 SYSTEMPATH/CodeIgniter.php(355): CodeIgniter\CodeIgniter->handleRequest()
 7 SYSTEMPATH/Boot.php(325): CodeIgniter\CodeIgniter->run()
 8 SYSTEMPATH/Boot.php(67): CodeIgniter\Boot::runCodeIgniter()
 9 FCPATH/index.php(56): CodeIgniter\Boot::bootWeb()
INFO - 2025-11-25 21:55:51 --> Session: Class initialized using 'CodeIgniter\Session\Handlers\FileHandler' driver.
CRITICAL - 2025-11-25 21:55:51 --> Error: Call to undefined function form_open()
[Method: GET, Route: reponse/repondre_question]
in APPPATH/Views/connexion/compte_connecter.php on line 3.
 1 SYSTEMPATH/View/View.php(234): include()
 2 SYSTEMPATH/View/View.php(237): CodeIgniter\View\View->CodeIgniter\View\{closure}()
 3 SYSTEMPATH/Common.php(1171): CodeIgniter\View\View->render()
 4 APPPATH/Controllers/Reponse.php(25): view()
 5 SYSTEMPATH/CodeIgniter.php(933): App\Controllers\Reponse->repondre_question()
 6 SYSTEMPATH/CodeIgniter.php(509): CodeIgniter\CodeIgniter->runController()
 7 SYSTEMPATH/CodeIgniter.php(355): CodeIgniter\CodeIgniter->handleRequest()
 8 SYSTEMPATH/Boot.php(325): CodeIgniter\CodeIgniter->run()
 9 SYSTEMPATH/Boot.php(67): CodeIgniter\Boot::runCodeIgniter()
10 FCPATH/index.php(56): CodeIgniter\Boot::bootWeb()
INFO - 2025-11-25 21:57:24 --> Session: Class initialized using 'CodeIgniter\Session\Handlers\FileHandler' driver.
INFO - 2025-11-25 21:57:26 --> Session: Class initialized using 'CodeIgniter\Session\Handlers\FileHandler' driver.
INFO - 2025-11-25 21:57:28 --> Session: Class initialized using 'CodeIgniter\Session\Handlers\FileHandler' driver.
INFO - 2025-11-25 21:57:35 --> Session: Class initialized using 'CodeIgniter\Session\Handlers\FileHandler' driver.
INFO - 2025-11-25 21:57:41 --> Session: Class initialized using 'CodeIgniter\Session\Handlers\FileHandler' driver.
INFO - 2025-11-25 22:01:20 --> Session: Class initialized using 'CodeIgniter\Session\Handlers\FileHandler' driver.
INFO - 2025-11-25 22:01:25 --> Session: Class initialized using 'CodeIgniter\Session\Handlers\FileHandler' driver.
INFO - 2025-11-25 22:01:27 --> Session: Class initialized using 'CodeIgniter\Session\Handlers\FileHandler' driver.
INFO - 2025-11-25 22:01:31 --> Session: Class initialized using 'CodeIgniter\Session\Handlers\FileHandler' driver.
INFO - 2025-11-25 22:01:34 --> Session: Class initialized using 'CodeIgniter\Session\Handlers\FileHandler' driver.
INFO - 2025-11-25 22:01:36 --> Session: Class initialized using 'CodeIgniter\Session\Handlers\FileHandler' driver.
INFO - 2025-11-25 22:01:37 --> Session: Class initialized using 'CodeIgniter\Session\Handlers\FileHandler' driver.
INFO - 2025-11-25 22:01:40 --> Session: Class initialized using 'CodeIgniter\Session\Handlers\FileHandler' driver.
INFO - 2025-11-25 22:01:41 --> Session: Class initialized using 'CodeIgniter\Session\Handlers\FileHandler' driver.
INFO - 2025-11-25 22:01:44 --> Session: Class initialized using 'CodeIgniter\Session\Handlers\FileHandler' driver.
INFO - 2025-11-25 22:01:46 --> Session: Class initialized using 'CodeIgniter\Session\Handlers\FileHandler' driver.
INFO - 2025-11-25 22:01:49 --> Session: Class initialized using 'CodeIgniter\Session\Handlers\FileHandler' driver.
INFO - 2025-11-25 22:02:07 --> Session: Class initialized using 'CodeIgniter\Session\Handlers\FileHandler' driver.
INFO - 2025-11-25 22:02:09 --> Session: Class initialized using 'CodeIgniter\Session\Handlers\FileHandler' driver.
INFO - 2025-11-25 22:02:13 --> Session: Class initialized using 'CodeIgniter\Session\Handlers\FileHandler' driver.
INFO - 2025-11-25 22:02:15 --> Session: Class initialized using 'CodeIgniter\Session\Handlers\FileHandler' driver.
INFO - 2025-11-25 22:03:34 --> Session: Class initialized using 'CodeIgniter\Session\Handlers\FileHandler' driver.
INFO - 2025-11-25 22:03:50 --> Session: Class initialized using 'CodeIgniter\Session\Handlers\FileHandler' driver.
INFO - 2025-11-25 22:04:00 --> Session: Class initialized using 'CodeIgniter\Session\Handlers\FileHandler' driver.
INFO - 2025-11-25 22:04:00 --> Session: Class initialized using 'CodeIgniter\Session\Handlers\FileHandler' driver.
INFO - 2025-11-25 22:04:06 --> Session: Class initialized using 'CodeIgniter\Session\Handlers\FileHandler' driver.
INFO - 2025-11-25 22:04:08 --> Session: Class initialized using 'CodeIgniter\Session\Handlers\FileHandler' driver.
INFO - 2025-11-25 22:04:12 --> Session: Class initialized using 'CodeIgniter\Session\Handlers\FileHandler' driver.
INFO - 2025-11-25 22:04:14 --> Session: Class initialized using 'CodeIgniter\Session\Handlers\FileHandler' driver.
INFO - 2025-11-25 22:04:16 --> Session: Class initialized using 'CodeIgniter\Session\Handlers\FileHandler' driver.
INFO - 2025-11-25 22:04:19 --> Session: Class initialized using 'CodeIgniter\Session\Handlers\FileHandler' driver.
INFO - 2025-11-25 22:04:20 --> Session: Class initialized using 'CodeIgniter\Session\Handlers\FileHandler' driver.
INFO - 2025-11-25 22:04:25 --> Session: Class initialized using 'CodeIgniter\Session\Handlers\FileHandler' driver.
INFO - 2025-11-25 22:04:27 --> Session: Class initialized using 'CodeIgniter\Session\Handlers\FileHandler' driver.
INFO - 2025-11-25 22:04:29 --> Session: Class initialized using 'CodeIgniter\Session\Handlers\FileHandler' driver.
INFO - 2025-11-25 22:05:45 --> Session: Class initialized using 'CodeIgniter\Session\Handlers\FileHandler' driver.
INFO - 2025-11-25 22:05:52 --> Session: Class initialized using 'CodeIgniter\Session\Handlers\FileHandler' driver.
INFO - 2025-11-25 22:05:56 --> Session: Class initialized using 'CodeIgniter\Session\Handlers\FileHandler' driver.
INFO - 2025-11-25 22:07:55 --> Session: Class initialized using 'CodeIgniter\Session\Handlers\FileHandler' driver.
INFO - 2025-11-25 22:07:58 --> Session: Class initialized using 'CodeIgniter\Session\Handlers\FileHandler' driver.
